-30.0,6.05511546947e-57
-29.99,1.03980140509e-56
-29.98,1.78355658768e-56
-29.97,3.05584912617e-56
-29.96,5.22980440196e-56
-29.95,8.94020560307e-56
-29.94,1.52657480166e-55
-29.93,2.60373748026e-55
-29.92,4.43593141131e-55
-29.91,7.54885307389e-55
-29.9,1.28317427779e-54
-29.89,2.1787070582e-54
-29.88,3.69505202869e-54
-29.87,6.2596607674e-54
-29.86,1.05922826309e-53
-29.85,1.79034548488e-53
-29.84,3.0226833427e-53
-29.83,5.09749704364e-53
-29.82,8.58677009047e-53
-29.81,1.44481156617e-52
-29.8,2.42829310594e-52
-29.79,4.07661338936e-52
-29.78,6.83606948898e-52
-29.77,1.14504336168e-51
-29.76,1.91578125842e-51
-29.75,3.20168373607e-51
-29.74,5.34465235801e-51
-29.73,8.91187356221e-51
-29.72,1.48431847546e-50
-29.71,2.46941278637e-50
-29.7,4.10363584188e-50
-29.69,6.81165210079e-50
-29.68,1.12939178748e-49
-29.67,1.87044660296e-49
-29.66,3.09424377743e-49
-29.65,5.11295841323e-49
-29.64,8.43914632175e-49
-29.63,1.3913400802e-48
-29.62,2.29127173388e-48
-29.61,3.76901982172e-48
-29.6,6.19282443279e-48
-29.59,1.01638357184e-47
-29.58,1.6662303015e-47
-29.57,2.7284810507e-47
-29.56,4.46288173412e-47
-29.55,7.29152445955e-47
-29.54,1.18995302724e-46
-29.53,1.93976813974e-46
-29.52,3.15848157659e-46
-29.51,5.13706897031e-46
-29.5,8.34566538022e-46
-29.49,1.35430056985e-45
-29.48,2.19521811173e-45
-29.47,3.55425690384e-45
-29.46,5.74815508151e-45
-29.45,9.28574300872e-45
-29.44,1.49835032324e-44
-29.43,2.41500811384e-44
-29.42,3.88805450977e-44
-29.41,6.25251321489e-44
-29.4,1.00435076349e-43
-29.39,1.61147930386e-43
-29.38,2.58269173632e-43
-29.37,4.13455654799e-43
-29.36,6.61140591126e-43
-29.35,1.05600805244e-42
-29.34,1.68480312913e-42
-29.33,2.68497108776e-42
-29.32,4.27404006596e-42
-29.31,6.79588603156e-42
-29.3,1.07934953196e-41
-29.29,1.71232678634e-41
-29.28,2.71343683304e-41
-29.27,4.29498156299e-41
-29.26,6.79065105417e-41
-29.25,1.07243269856e-40
-29.24,1.69175396321e-40
-29.23,2.66570987265e-40
-29.22,4.19562902126e-40
-29.21,6.59613907114e-40
-29.2,1.03583611518e-39
-29.19,1.62480339091e-39
-29.18,2.54576966424e-39
-29.17,3.98424393187e-39
-29.16,6.22846825314e-39
-29.15,9.72579503759e-39
-29.14,1.51697175034e-38
-29.13,2.36340633909e-38
-29.12,3.67796694132e-38
-29.11,5.71723138535e-38
-29.1,8.87712304136e-38
-29.09,1.37678850795e-37
-29.08,2.13290124435e-37
-29.07,3.30052316667e-37
-29.06,5.1015640762e-37
-29.05,7.87648460852e-37
-29.04,1.21470280422e-36
-29.03,1.87118256408e-36
-29.02,2.87919322994e-36
-29.01,4.42521102208e-36
-29.0,6.79368929721e-36
-28.99,1.04180370838e-35
-28.98,1.5957859594e-35
-28.97,2.4415853067e-35
-28.96,3.73145053092e-35
-28.95,5.69628875888e-35
-28.94,8.68590004739e-35
-28.93,1.32295837754e-34
-28.92,2.01273248795e-34
-28.91,3.05868290047e-34
-28.9,4.64292187759e-34
-28.89,7.03974324689e-34
-28.88,1.06618062494e-33
-28.87,1.61292166292e-33
-28.86,2.43727361105e-33
-28.85,3.67878003025e-33
-28.84,5.54640880866e-33
-28.83,8.35273024982e-33
-28.82,1.25647414977e-32
-28.81,1.88793562885e-32
-28.8,2.83353988135e-32
-28.79,4.24795589882e-32
-28.78,6.36120207261e-32
-28.77,9.51495868446e-32
-28.76,1.42161875577e-31
-28.75,2.12162148645e-31
-28.74,3.16272322753e-31
-28.73,4.70937196297e-31
-28.72,7.00443843493e-31
-28.71,1.04062001243e-30
-28.7,1.54425688975e-30
-28.69,2.2890508708e-30
-28.68,3.38922080583e-30
-28.67,5.01248176876e-30
-28.66,7.40481599486e-30
-28.65,1.0926580227e-29
-28.64,1.6105075661e-29
-28.63,2.37109963079e-29
-28.62,3.48694710303e-29
-28.61,5.12211633798e-29
-28.6,7.51557201019e-29
-28.59,1.10149661089e-28
-28.58,1.61254860192e-28
-28.57,2.35803900067e-28
-28.56,3.44427387487e-28
-28.55,5.02519471311e-28
-28.54,7.32346539668e-28
-28.53,1.06607779228e-27
-28.52,1.55013557151e-27
-28.51,2.25143281179e-27
-28.5,3.26630565645e-27
-28.49,4.73329070082e-27
-28.48,6.85138000951e-27
-28.47,9.90607148254e-27
-28.46,1.43064994371e-26
-28.45,2.0638295667e-26
-28.44,2.97387562324e-26
-28.43,4.28035998526e-26
-28.42,6.15384159827e-26
-28.41,8.83732555975e-26
-28.4,1.26766330475e-25
-28.39,1.81633314008e-25
-28.38,2.59953469727e-25
-28.37,3.71624427944e-25
-28.36,5.30666182491e-25
-28.35,7.56914970344e-25
-28.34,1.07840353042e-24
-28.33,1.53470190024e-24
-28.32,2.18160080188e-24
-28.31,3.09766937515e-24
-28.3,4.39342648429e-24
-28.29,6.22415198897e-24
-28.28,8.80776135277e-24
-28.27,1.2449715086e-23
-28.26,1.75776903898e-23
-28.25,2.47897834429e-23
-28.24,3.49214428818e-23
-28.23,4.91383026263e-23
-28.22,6.90647821585e-23
-28.21,9.69620226948e-23
-28.2,1.35973792753e-22
-28.19,1.90465921159e-22
-28.18,2.6649427042e-22
-28.17,3.72449157319e-22
-28.16,5.19941689382e-22
-28.15,7.25021375938e-22
-28.14,1.00984683047e-21
-28.13,1.40497542477e-21
-28.12,1.95249744637e-21
-28.11,2.71032110585e-21
-28.1,3.75802396672e-21
-28.09,5.20483384475e-21
-28.08,7.2005010938e-21
-28.07,9.95009203416e-21
-28.06,1.37340935564e-20
-28.05,1.89357029417e-20
-28.04,2.60778263577e-20
-28.03,3.58731797482e-20
-28.02,4.92920505722e-20
-28.01,6.76538357428e-20
-28.0,9.27505495849e-20
-27.99,1.27013266906e-19
-27.98,1.73736156616e-19
-27.97,2.37377669351e-19
-27.96,3.23964961733e-19
-27.95,4.41636288264e-19
-27.94,6.01367550119e-19
-27.93,8.17944352143e-19
-27.92,1.1112609567e-18
-27.91,1.50805396988e-18
-27.9,2.04421345737e-18
-27.89,2.76786008371e-18
-27.88,3.7434372143e-18
-27.87,5.05714616295e-18
-27.86,6.82415669351e-18
-27.85,9.1981610057e-18
-27.84,1.23840174979e-17
-27.83,1.66544632287e-17
-27.82,2.23721775224e-17
-27.81,3.00188746826e-17
-27.8,4.02336185043e-17
-27.79,5.38632202816e-17
-27.78,7.20284504083e-17
-27.77,9.62109194376e-17
-27.76,1.28366941987e-16
-27.75,1.71076581475e-16
-27.74,2.27738507299e-16
-27.73,3.02824434652e-16
-27.72,4.02210959514e-16
-27.71,5.33611801094e-16
-27.7,7.07140143608e-16
-27.69,9.36039338805e-16
-27.68,1.23763121044e-15
-27.67,1.63454525131e-15
-27.66,2.15630995721e-15
-27.65,2.84141045487e-15
-27.64,3.7399457839e-15
-27.63,4.91705636366e-15
-27.62,6.45733942645e-15
-27.61,8.47053018143e-15
-27.6,1.10988025203e-14
-27.59,1.45261393592e-14
-27.58,1.89903444524e-14
-27.57,2.47984212445e-14
-27.56,3.23462381821e-14
-27.55,4.21436440481e-14
-27.54,5.4846503919e-14
-27.53,7.12975119884e-14
-27.52,9.25781211943e-14
-27.51,1.20074535464e-13
-27.5,1.55561468275e-13
-27.49,2.01308317967e-13
-27.48,2.60213591316e-13
-27.47,3.35974878221e-13
-27.46,4.33303510892e-13
-27.45,5.58195315128e-13
-27.44,7.1827168288e-13
-27.43,9.23208691193e-13
-27.42,1.18527631803e-12
-27.41,1.52001514971e-12
-27.4,1.94708456889e-12
-27.39,2.49132453652e-12
-27.38,3.18408307839e-12
-27.37,4.06487386981e-12
-27.36,5.183443383e-12
-27.35,6.60234552805e-12
-27.34,8.40014431147e-12
-27.33,1.06753926412e-11
-27.32,1.35515690867e-11
-27.31,1.71831954344e-11
-27.3,2.17634078001e-11
-27.29,2.75333147035e-11
-27.28,3.47935490779e-11
-27.27,4.39185103077e-11
-27.26,5.53739001777e-11
-27.25,6.97382868236e-11
-27.24,8.77295877983e-11
-27.23,1.10237552492e-10
-27.22,1.38363551553e-10
-27.21,1.73469254057e-10
-27.2,2.17236100553e-10
-27.19,2.71737872161e-10
-27.18,3.39529124433e-10
-27.17,4.2375281406e-10
-27.16,5.28271113089e-10
-27.15,6.57824198639e-10
-27.14,8.18222748675e-10
-27.13,1.01658099269e-09
-27.12,1.26159849087e-09
-27.11,1.56390038193e-09
-27.1,1.93644769027e-09
-27.09,2.39503146421e-09
-27.08,2.95886708527e-09
-27.07,3.65130810676e-09
-27.06,4.50070252155e-09
-27.05,5.54141850882e-09
-27.04,6.81507156285e-09
-27.03,8.37199057566e-09
-27.02,1.02729670533e-08
-27.01,1.25913393381e-08
-27.0,1.54154726479e-08
-26.99,1.88517061121e-08
-26.98,2.30278499954e-08
-26.97,2.80973301846e-08
-26.96,3.42440930404e-08
-26.95,4.1688402182e-08
-26.94,5.06936800125e-08
-26.93,6.15745711792e-08
-26.92,7.47064331133e-08
-26.91,9.05364907715e-08
-26.9,1.09596929219e-07
-26.89,1.32520239326e-07
-26.88,1.600571792e-07
-26.87,1.93097767788e-07
-26.86,2.32695788023e-07
-26.85,2.80097345888e-07
-26.84,3.36774109634e-07
-26.83,4.04461941159e-07
-26.82,4.85205730238e-07
-26.81,5.81411353073e-07
-26.8,6.95905800665e-07
-26.79,8.32006661171e-07
-26.78,9.93602295022e-07
-26.77,1.18524421361e-06
-26.76,1.41225336342e-06
-26.75,1.68084222899e-06
-26.74,1.99825490217e-06
-26.73,2.37292752262e-06
-26.72,2.81467177849e-06
-26.71,3.33488446697e-06
-26.7,3.94678645522e-06
-26.69,4.66569475319e-06
-26.68,5.50933181487e-06
-26.67,6.4981766228e-06
-26.66,7.65586258587e-06
-26.65,9.00962779277e-06
-26.64,1.05908237142e-05
-26.63,1.24354890379e-05
-26.62,1.45849959511e-05
-26.61,1.70867768561e-05
-26.6,1.99951402183e-05
-26.59,2.33721849942e-05
-26.58,2.72888238812e-05
-26.57,3.18259264558e-05
-26.56,3.70755941282e-05
-26.55,4.31425797345e-05
-26.54,5.01458655057e-05
-26.53,5.82204140934e-05
-26.52,6.75191082853e-05
-26.51,7.82148960081e-05
-26.5,9.05031581736e-05
-26.49,0.000104604317873
-26.48,0.000120766710353
-26.47,0.000139269734085
-26.46,0.000160427304097
-26.45,0.000184591629481
-26.44,0.000212157337699
-26.43,0.000243565968868
-26.42,0.000279310863676
-26.41,0.000319942468885
-26.4,0.000366074084482
-26.39,0.000418388076527
-26.38,0.000477642579397
-26.37,0.000544678710627
-26.36,0.000620428320703
-26.35,0.000705922299037
-26.34,0.000802299455868
-26.33,0.000910815998006
-26.32,0.00103285561408
-26.31,0.00116994018232
-26.3,0.00132374111068
-26.29,0.0014960913157
-26.28,0.00168899784221
-26.27,0.00190465512153
-26.26,0.00214545886054
-26.25,0.00241402054845
-26.24,0.00271318256174
-26.23,0.00304603384112
-26.22,0.00341592610682
-26.21,0.0038264905709
-26.2,0.00428165509683
-26.19,0.00478566174773
-26.18,0.00534308465557
-26.17,0.00595884813383
-26.16,0.0066382449463
-26.15,0.00738695463445
-26.14,0.00821106179549
-26.13,0.00911707419277
-26.12,0.0101119405697
-26.11,0.011203068028
-26.1,0.0123983388222
-26.09,0.0137061264093
-26.08,0.0151353105895
-26.07,0.0166952915575
-26.06,0.0183960026843
-26.05,0.0202479218366
-26.04,0.0222620810388
-26.03,0.0244500742775
-26.02,0.0268240632452
-26.01,0.0293967808199
-26.0,0.0321815320762
-25.99,0.0351921926283
-25.98,0.0384432041078
-25.97,0.0419495665872
-25.96,0.0457268277682
-25.95,0.0497910687656
-25.94,0.0541588863306
-25.93,0.0588473713739
-25.92,0.0638740836674
-25.91,0.0692570226228
-25.9,0.0750145940694
-25.89,0.0811655729785
-25.88,0.0877290621086
-25.87,0.0947244465742
-25.86,0.102171344373
-25.85,0.110089552934
-25.84,0.118498991795
-25.83,0.127419641529
-25.82,0.136871479095
-25.81,0.146874409819
-25.8,0.157448196234
-25.79,0.168612384048
-25.78,0.180386225552
-25.77,0.192788600788
-25.76,0.205837936855
-25.75,0.219552125716
-25.74,0.233948440949
-25.73,0.24904345384
-25.72,0.264852949297
-25.71,0.281391842013
-25.7,0.298674093375
-25.69,0.316712629562
-25.68,0.335519261328
-25.67,0.355104605897
-25.66,0.375478011462
-25.65,0.396647484677
-25.64,0.418619621586
-25.63,0.44139954235
-25.62,0.464990830139
-25.61,0.48939547449
-25.6,0.514613819418
-25.59,0.540644516502
-25.58,0.567484483138
-25.57,0.595128866087
-25.56,0.623571010418
-25.55,0.652802433855
-25.54,0.682812806543
-25.53,0.713589936134
-25.52,0.745119758101
-25.51,0.777386331097
-25.5,0.810371837171
-25.49,0.844056586577
-25.48,0.878419026913
-25.47,0.913435756271
-25.46,0.949081540078
-25.45,0.98532933127
-25.44,1.02215029347
-25.43,1.05951382678
-25.42,1.09738759591
-25.41,1.13573756027
-25.4,1.17452800567
-25.39,1.21372157757
-25.38,1.25327931537
-25.37,1.29316068777
-25.36,1.33332362909
-25.35,1.37372457628
-25.34,1.41431850689
-25.33,1.45505897794
-25.32,1.49589816579
-25.31,1.5367869074
-25.3,1.57767474311
-25.29,1.61850996151
-25.28,1.65923964658
-25.27,1.69980972785
-25.26,1.74016503405
-25.25,1.78024935088
-25.24,1.8200054835
-25.23,1.85937532462
-25.22,1.89829992867
-25.21,1.93671959298
-25.2,1.97457394659
-25.19,2.01180204737
-25.18,2.04834248822
-25.17,2.08413351287
-25.16,2.11911314187
-25.15,2.15321930924
-25.14,2.18639001015
-25.13,2.21856345987
-25.12,2.24967826416
-25.11,2.27967360112
-25.1,2.30848941421
-25.09,2.33606661636
-25.08,2.36234730453
-25.07,2.38727498409
-25.06,2.41079480232
-25.05,2.43285378987
-25.04,2.45340110921
-25.03,2.47238830854
-25.02,2.48976957981
-25.01,2.50550201913
-25.0,2.51954588775
-24.99,2.53186487182
-24.98,2.54242633868
-24.97,2.55120158774
-24.96,2.55816609364
-24.95,2.56329973947
-24.94,2.56658703773
-24.93,2.56801733675
-24.92,2.5675850103
-24.91,2.56528962821
-24.9,2.56113610566
-24.89,2.55513482939
-24.88,2.54730175857
-24.87,2.5376584988
-24.86,2.52623234747
-24.85,2.51305630915
-24.84,2.49816907978
-24.83,2.4816149987
-24.82,2.46344396781
-24.81,2.44371133739
-24.8,2.42247775847
-24.79,2.39980900173
-24.78,2.37577574356
-24.77,2.35045331966
-24.76,2.32392144748
-24.75,2.29626391856
-24.74,2.26756826236
-24.73,2.23792538351
-24.72,2.20742917433
-24.71,2.17617610526
-24.7,2.14426479533
-24.69,2.11179556583
-24.68,2.07886997971
-24.67,2.0455903701
-24.66,2.01205936088
-24.65,1.97837938275
-24.64,1.9446521881
-24.63,1.91097836806
-24.62,1.87745687518
-24.61,1.84418455503
-24.6,1.81125569015
-24.59,1.77876155953
-24.58,1.74679001673
-24.57,1.71542508969
-24.56,1.68474660503
-24.55,1.65482983945
-24.54,1.62574520069
-24.53,1.59755794019
-24.52,1.57032789948
-24.51,1.54410929176
-24.5,1.51895052034
-24.49,1.49489403475
-24.48,1.47197622548
-24.47,1.45022735774
-24.46,1.42967154444
-24.45,1.41032675823
-24.44,1.3922048821
-24.43,1.37531179786
-24.42,1.35964751136
-24.41,1.34520631319
-24.4,1.33197697307
-24.39,1.31994296633
-24.38,1.30908273007
-24.37,1.29936994687
-24.36,1.29077385338
-24.35,1.28325957117
-24.34,1.27678845687
-24.33,1.27131846872
-24.32,1.26680454628
-24.31,1.26319900022
-24.3,1.26045190899
-24.29,1.25851151897
-24.28,1.25732464508
-24.27,1.25683706843
-24.26,1.25699392805
-24.25,1.25774010348
-24.24,1.25902058547
-24.23,1.26078083188
-24.22,1.26296710609
-24.21,1.2655267957
-24.2,1.26840870909
-24.19,1.2715633478
-24.18,1.27494315327
-24.17,1.27850272597
-24.16,1.28219901613
-24.15,1.28599148473
-24.14,1.28984223441
-24.13,1.29371610954
-24.12,1.29758076576
-24.11,1.30140670879
-24.1,1.30516730327
-24.09,1.30883875226
-24.08,1.31240004838
-24.07,1.31583289804
-24.06,1.31912162008
-24.05,1.32225302074
-24.04,1.32521624683
-24.03,1.32800261926
-24.02,1.33060544933
-24.01,1.33301984005
-24.0,1.33524247532
-23.99,1.33727139935
-23.98,1.33910578928
-23.97,1.34074572361
-23.96,1.34219194922
-23.95,1.34344564984
-23.94,1.3445082184
-23.93,1.34538103616
-23.92,1.3460652609
-23.91,1.34656162668
-23.9,1.34687025726
-23.89,1.3469904954
-23.88,1.34692074969
-23.87,1.34665836074
-23.86,1.34619948793
-23.85,1.34553901815
-23.84,1.34467049718
-23.83,1.34358608459
-23.82,1.34227653238
-23.81,1.34073118769
-23.8,1.3389380193
-23.79,1.33688366758
-23.78,1.33455351734
-23.77,1.33193179259
-23.76,1.32900167221
-23.75,1.32574542517
-23.74,1.32214456384
-23.73,1.31818001363
-23.72,1.31383229722
-23.71,1.30908173133
-23.7,1.30390863402
-23.69,1.2982935403
-23.68,1.29221742379
-23.67,1.28566192232
-23.66,1.27860956498
-23.65,1.27104399854
-23.64,1.26295021087
-23.63,1.25431474936
-23.62,1.24512593206
-23.61,1.23537404974
-23.6,1.22505155687
-23.59,1.21415324998
-23.58,1.2026764316
-23.57,1.19062105857
-23.56,1.17798987349
-23.55,1.16478851812
-23.54,1.15102562806
-23.53,1.13671290803
-23.52,1.12186518717
-23.51,1.10650045428
-23.5,1.09063987277
-23.49,1.07430777559
-23.48,1.05753164024
-23.47,1.04034204451
-23.46,1.02277260339
-23.45,1.00485988799
-23.44,0.986643327347
-23.43,0.96816509398
-23.42,0.949469974431
-23.41,0.930605225802
-23.4,0.911620419567
-23.39,0.892567273868
-23.38,0.873499475579
-23.37,0.854472493412
-23.36,0.835543383316
-23.35,0.816770587432
-23.34,0.798213727781
-23.33,0.779933395859
-23.32,0.76199093921
-23.31,0.744448246008
-23.3,0.72736752857
-23.29,0.710811106672
-23.28,0.694841191403
-23.27,0.679519670254
-23.26,0.664907894001
-23.25,0.651066465873
-23.24,0.638055033404
-23.23,0.625932083282
-23.22,0.61475473944
-23.21,0.604578564549
-23.2,0.595457365032
-23.19,0.587442999662
-23.18,0.580585191762
-23.17,0.574931345024
-23.16,0.570526362906
-23.15,0.567412471632
-23.14,0.565629046761
-23.13,0.565212443377
-23.12,0.566195829949
-23.11,0.568609025984
-23.1,0.572478343645
-23.09,0.577826433574
-23.08,0.584672135248
-23.07,0.593030332273
-23.06,0.602911813107
-23.05,0.61432313781
-23.04,0.627266511502
-23.03,0.641739665309
-23.02,0.657735745666
-23.01,0.675243212939
-23.0,0.694245750403
-22.99,0.714722184697
-22.98,0.736646418914
-22.97,0.759987379568
-22.96,0.784708978688
-22.95,0.810770092329
-22.94,0.838124556772
-22.93,0.866721183695
-22.92,0.896503795554
-22.91,0.927411282346
-22.9,0.959377680871
-22.89,0.992332277526
-22.88,1.02619973551
-22.87,1.06090024721
-22.86,1.09634971247
-22.85,1.13245994302
-22.84,1.16913889354
-22.83,1.20629091923
-22.82,1.24381705988
-22.81,1.28161534998
-22.8,1.31958115427
-22.79,1.35760752787
-22.78,1.39558559993
-22.77,1.43340497942
-22.76,1.47095418146
-22.75,1.50812107234
-22.74,1.54479333126
-22.73,1.58085892643
-22.72,1.61620660298
-22.71,1.65072638011
-22.7,1.68431005462
-22.69,1.71685170765
-22.68,1.74824821167
-22.67,1.77839973441
-22.66,1.80721023635
-22.65,1.83458795855
-22.64,1.86044589723
-22.63,1.88470226198
-22.62,1.90728091406
-22.61,1.92811178167
-22.6,1.94713124903
-22.59,1.96428251623
-22.58,1.97951592709
-22.57,1.99278926237
-22.56,2.00406799584
-22.55,2.01332551128
-22.54,2.02054327818
-22.53,2.02571098496
-22.52,2.02882662799
-22.51,2.02989655583
-22.5,2.02893546784
-22.49,2.02596636689
-22.48,2.02102046634
-22.47,2.01413705164
-22.46,2.00536329728
-22.45,1.99475404023
-22.44,1.98237151136
-22.43,1.96828502647
-22.42,1.95257063914
-22.41,1.93531075759
-22.4,1.91659372843
-22.39,1.89651338981
-22.38,1.8751685975
-22.37,1.85266272675
-22.36,1.82910315377
-22.35,1.80460072016
-22.34,1.77926918417
-22.33,1.75322466241
-22.32,1.72658506607
-22.31,1.69946953522
-22.3,1.67199787522
-22.29,1.64428999897
-22.28,1.61646537864
-22.27,1.58864251055
-22.26,1.56093839663
-22.25,1.53346804572
-22.24,1.50634399797
-22.23,1.47967587506
-22.22,1.45356995905
-22.21,1.42812880226
-22.2,1.40345087032
-22.19,1.37963022041
-22.18,1.35675621605
-22.17,1.33491328002
-22.16,1.31418068622
-22.15,1.29463239123
-22.14,1.27633690594
-22.13,1.25935720725
-22.12,1.24375068966
-22.11,1.22956915613
-22.1,1.21685884734
-22.09,1.20566050815
-22.08,1.19600948985
-22.07,1.18793588649
-22.06,1.18146470312
-22.05,1.17661605393
-22.04,1.17340538761
-22.03,1.17184373738
-22.02,1.17193799273
-22.01,1.17369118977
-22.0,1.17710281718
-21.99,1.18216913419
-21.98,1.18888349732
-21.97,1.19723669234
-21.96,1.20721726787
-21.95,1.21881186709
-21.94,1.23200555396
-21.93,1.24678213057
-21.92,1.26312444185
-21.91,1.28101466472
-21.9,1.30043457806
-21.89,1.3213658107
-21.88,1.34379006433
-21.87,1.3676893089
-21.86,1.39304594786
-21.85,1.41984295116
-21.84,1.44806395423
-21.83,1.47769332121
-21.82,1.50871617138
-21.81,1.54111836784
-21.8,1.57488646799
-21.79,1.61000763567
-21.78,1.64646951535
-21.77,1.684260069
-21.76,1.72336737681
-21.75,1.7637794032
-21.74,1.80548373023
-21.73,1.84846726054
-21.72,1.89271589275
-21.71,1.93821417221
-21.7,1.98494492075
-21.69,2.03288884908
-21.68,2.08202415594
-21.67,2.13232611842
-21.66,2.1837666779
-21.65,2.23631402651
-21.64,2.28993219898
-21.63,2.34458067481
-21.62,2.40021399602
-21.61,2.45678140541
-21.6,2.51422651044
-21.59,2.57248697757
-21.58,2.63149426202
-21.57,2.69117337731
-21.56,2.75144270898
-21.55,2.81221387659
-21.54,2.87339164741
-21.53,2.9348739052
-21.52,2.99655167682
-21.51,3.05830921888
-21.5,3.12002416625
-21.49,3.18156774358
-21.48,3.24280504047
-21.47,3.30359535024
-21.46,3.36379257168
-21.45,3.42324567262
-21.44,3.48179921332
-21.43,3.53929392723
-21.42,3.59556735606
-21.41,3.65045453541
-21.4,3.70378872666
-21.39,3.75540219051
-21.38,3.80512699662
-21.37,3.85279586388
-21.36,3.89824302504
-21.35,3.94130510931
-21.34,3.98182203614
-21.33,4.01963791327
-21.32,4.05460193198
-21.31,4.08656925221
-21.3,4.11540187059
-21.29,4.14096946403
-21.28,4.163150202
-21.27,4.1818315207
-21.26,4.19691085248
-21.25,4.20829630452
-21.24,4.21590728078
-21.23,4.21967504204
-21.22,4.21954319911
-21.21,4.215468135
-21.2,4.20741935234
-21.19,4.19537974312
-21.18,4.17934577822
-21.17,4.15932761528
-21.16,4.1353491237
-21.15,4.1074478267
-21.14,4.07567476075
-21.13,4.04009425361
-21.12,4.00078362273
-21.11,3.95783279652
-21.1,3.91134386169
-21.09,3.86143054019
-21.08,3.80821760026
-21.07,3.75184020616
-21.06,3.69244321197
-21.05,3.63018040502
-21.04,3.56521370491
-21.03,3.49771232451
-21.02,3.42785189928
-21.01,3.3558135916
-21.0,3.28178317684
-20.99,3.20595011798
-20.98,3.12850663534
-20.97,3.04964677811
-20.96,2.96956550426
-20.95,2.88845777475
-20.94,2.80651766833
-20.93,2.72393752243
-20.92,2.64090710534
-20.91,2.5576128248
-20.9,2.47423697726
-20.89,2.39095704191
-20.88,2.30794502298
-20.87,2.22536684331
-20.86,2.1433817917
-20.85,2.06214202613
-20.84,1.98179213414
-20.83,1.90246875155
-20.82,1.82430023978
-20.81,1.74740642203
-20.8,1.67189837745
-20.79,1.59787829283
-20.78,1.52543937006
-20.77,1.45466578793
-20.76,1.38563271601
-20.75,1.3184063783
-20.74,1.25304416397
-20.73,1.1895947822
-20.72,1.12809845801
-20.71,1.06858716591
-20.7,1.01108489763
-20.69,0.955607960764
-20.68,0.902165304472
-20.67,0.850758868738
-20.66,0.801383953605
-20.65,0.754029604784
-20.64,0.708679012185
-20.63,0.665309917976
-20.62,0.62389503092
-20.61,0.584402443862
-20.6,0.546796051432
-20.59,0.511035965182
-20.58,0.477078923587
-20.57,0.444878694536
-20.56,0.414386468155
-20.55,0.385551238019
-20.54,0.358320169031
-20.53,0.332638950462
-20.52,0.308452132888
-20.51,0.285703447928
-20.5,0.264336109956
-20.49,0.244293099111
-20.48,0.225517425154
-20.47,0.207952371891
-20.46,0.191541722055
-20.45,0.17622996271
-20.44,0.161962471372
-20.43,0.148685683187
-20.42,0.136347239632
-20.41,0.124896119302
-20.4,0.114282751444
-20.39,0.104459112996
-20.38,0.0953788099195
-20.37,0.0869971437254
-20.36,0.0792711640821
-20.35,0.0721597084642
-20.34,0.0656234298063
-20.33,0.0596248131412
-20.32,0.0541281822057
-20.31,0.049099696989
-20.3,0.0445073431862
-20.29,0.0403209144996
-20.28,0.0365119887008
-20.27,0.0330538983383
-20.26,0.0299216969368
-20.25,0.0270921214936
-20.24,0.0245435520352
-20.23,0.0222559689522
-20.22,0.02021090878
-20.21,0.0183914190475
-20.2,0.016782012764
-20.19,0.0153686230661
-20.18,0.0141385584949
-20.17,0.0130804593284
-20.16,0.0121842553412
-20.15,0.0114411253208
-20.14,0.0108434586207
-20.13,0.01038481899
-20.12,0.0100599108738
-20.11,0.00986454833994
-20.1,0.00979562674962
-20.09,0.00985109725245
-20.08,0.0100299441518
-20.07,0.0103321651554
-20.06,0.0107587544954
-20.05,0.0113116888749
-20.04,0.0119939161703
-20.03,0.0128093467991
-20.02,0.013762847636
-20.01,0.0148602383455
-20.0,0.0161082899778
-19.99,0.0175147256613
-19.98,0.0190882232106
-19.97,0.0208384194569
-19.96,0.0227759160971
-19.95,0.0249122868514
-19.94,0.02726008571
-19.93,0.0298328560473
-19.92,0.032645140377
-19.91,0.0357124905205
-19.9,0.0390514779626
-19.89,0.0426797041667
-19.88,0.0466158106283
-19.87,0.0508794884485
-19.86,0.0554914872145
-19.85,0.060473622982
-19.84,0.065848785162
-19.83,0.071640942124
-19.82,0.0778751453371
-19.81,0.0845775318804
-19.8,0.0917753251667
-19.79,0.0994968337333
-19.78,0.107771447965
-19.77,0.116629634627
-19.76,0.126102929093
-19.75,0.136223925173
-19.74,0.147026262429
-19.73,0.158544610922
-19.72,0.17081465328
-19.71,0.183873064035
-19.7,0.197757486142
-19.69,0.212506504621
-19.68,0.228159617236
-19.67,0.24475720214
-19.66,0.262340482396
-19.65,0.280951487283
-19.64,0.300633010271
-19.63,0.321428563543
-19.62,0.343382328916
-19.61,0.366539104999
-19.6,0.390944250397
-19.59,0.416643622733
-19.58,0.443683513262
-19.57,0.472110576781
-19.56,0.50197175654
-19.55,0.533314203818
-19.54,0.566185191784
-19.53,0.600632023266
-19.52,0.636701931974
-19.51,0.674441976756
-19.5,0.713898928395
-19.49,0.755119148471
-19.48,0.79814845978
-19.47,0.843032007819
-19.46,0.889814112832
-19.45,0.938538111926
-19.44,0.989246190816
-19.43,1.04197920473
-19.42,1.09677648815
-19.41,1.15367565294
-19.4,1.21271237482
-19.39,1.2739201677
-19.38,1.33733014612
-19.37,1.40297077552
-19.36,1.47086761075
-19.35,1.54104302292
-19.34,1.61351591511
-19.33,1.68830142752
-19.32,1.76541063281
-19.31,1.84485022257
-19.3,1.92662218611
-19.29,2.01072348287
-19.28,2.0971457099
-19.27,2.18587476628
-19.26,2.27689051635
-19.25,2.37016645391
-19.24,2.46566936964
-19.23,2.56335902441
-19.22,2.66318783101
-19.21,2.76510054735
-19.2,2.86903398395
-19.19,2.97491672895
-19.18,3.08266889389
-19.17,3.19220188351
-19.16,3.30341819301
-19.15,3.41621123609
-19.14,3.53046520716
-19.13,3.64605498107
-19.12,3.7628460536
-19.11,3.88069452574
-19.1,3.99944713489
-19.09,4.11894133554
-19.08,4.23900543211
-19.07,4.35945876612
-19.06,4.48011195969
-19.05,4.60076721682
-19.04,4.72121868386
-19.03,4.84125286978
-19.02,4.96064912672
-19.01,5.07918019061
-19.0,5.19661278138
-18.99,5.31270826153
-18.98,5.42722335159
-18.97,5.53991090018
-18.96,5.65052070618
-18.95,5.75880038971
-18.94,5.86449630831
-18.93,5.96735451412
-18.92,6.06712174741
-18.91,6.16354646138
-18.9,6.25637987274
-18.89,6.34537703206
-18.88,6.43029790787
-18.87,6.51090847778
-18.86,6.58698182004
-18.85,6.6582991984
-18.84,6.72465113338
-18.83,6.78583845273
-18.82,6.84167331377
-18.81,6.89198019083
-18.8,6.93659682044
-18.79,6.97537509773
-18.78,7.00818191731
-18.77,7.03489995243
-18.76,7.05542836647
-18.75,7.06968345135
-18.74,7.07759918771
-18.73,7.07912772249
-18.72,7.07423975986
-18.71,7.06292486217
-18.7,7.04519165832
-18.69,7.02106795728
-18.68,6.99060076563
-18.67,6.95385620822
-18.66,6.91091935208
-18.65,6.86189393434
-18.64,6.80690199541
-18.63,6.74608341967
-18.62,6.67959538641
-18.61,6.60761173427
-18.6,6.53032224343
-18.59,6.44793183982
-18.58,6.36065972678
-18.57,6.26873844946
-18.56,6.17241289814
-18.55,6.07193925676
-18.54,5.96758390352
-18.53,5.85962227028
-18.52,5.74833766813
-18.51,5.6340200864
-18.5,5.51696497232
-18.49,5.39747199902
-18.48,5.27584382898
-18.47,5.15238488031
-18.46,5.0274001029
-18.45,4.90119377137
-18.44,4.77406830144
-18.43,4.64632309598
-18.42,4.51825342685
-18.41,4.39014935794
-18.4,4.26229471478
-18.39,4.13496610523
-18.38,4.0084319958
-18.37,3.88295184705
-18.36,3.75877531166
-18.35,3.63614149774
-18.34,3.51527829975
-18.33,3.39640179882
-18.32,3.2797157337
-18.31,3.16541104316
-18.3,3.05366548015
-18.29,2.94464329769
-18.28,2.83849500574
-18.27,2.7353571983
-18.26,2.63535244931
-18.25,2.5385892756
-18.24,2.44516216509
-18.23,2.35515166767
-18.22,2.26862454644
-18.21,2.18563398642
-18.2,2.10621985779
-18.19,2.03040903052
-18.18,1.95821573706
-18.17,1.88964197988
-18.16,1.82467798018
-18.15,1.76330266446
-18.14,1.70548418522
-18.13,1.65118047252
-18.12,1.60033981244
-18.11,1.55290144945
-18.1,1.5087962087
-18.09,1.46794713524
-18.08,1.43027014657
-18.07,1.39567469532
-18.06,1.36406443894
-18.05,1.33533791315
-18.04,1.30938920628
-18.03,1.28610863155
-18.02,1.26538339437
-18.01,1.24709825206
-18.0,1.23113616335
-17.99,1.21737892497
-17.98,1.20570779318
-17.97,1.19600408754
-17.96,1.18814977501
-17.95,1.182028032
-17.94,1.17752378234
-17.93,1.17452420937
-17.92,1.17291924001
-17.91,1.17260199928
-17.9,1.17346923351
-17.89,1.17542170064
-17.88,1.1783645263
-17.87,1.18220752423
-17.86,1.18686547988
-17.85,1.19225839626
-17.84,1.19831170093
-17.83,1.20495641353
-17.82,1.21212927328
-17.81,1.21977282589
-17.8,1.22783546984
-17.79,1.23627146185
-17.78,1.24504088184
-17.77,1.25410955769
-17.76,1.26344895036
-17.75,1.27303600033
-17.74,1.28285293633
-17.73,1.29288704766
-17.72,1.30313042165
-17.71,1.31357964797
-17.7,1.32423549193
-17.69,1.33510253875
-17.68,1.3461888115
-17.67,1.35750536521
-17.66,1.36906586001
-17.65,1.3808861164
-17.64,1.39298365591
-17.63,1.40537723029
-17.62,1.41808634301
-17.61,1.43113076648
-17.6,1.44453005876
-17.59,1.45830308341
-17.58,1.47246753637
-17.57,1.48703948358
-17.56,1.50203291303
-17.55,1.51745930499
-17.54,1.53332722397
-17.53,1.54964193582
-17.52,1.56640505338
-17.51,1.58361421361
-17.5,1.60126278935
-17.49,1.61933963807
-17.48,1.63782889017
-17.47,1.65670977892
-17.46,1.67595651364
-17.45,1.6955381977
-17.44,1.71541879234
-17.43,1.73555712696
-17.42,1.75590695627
-17.41,1.77641706415
-17.4,1.79703141375
-17.39,1.81768934306
-17.38,1.83832580454
-17.37,1.85887164726
-17.36,1.87925393953
-17.35,1.89939632968
-17.34,1.91921944216
-17.33,1.93864130614
-17.32,1.95757781308
-17.31,1.97594319985
-17.3,1.99365055355
-17.29,2.010612334
-17.28,2.02674090974
-17.27,2.04194910332
-17.26,2.05615074131
-17.25,2.06926120495
-17.24,2.08119797655
-17.23,2.09188117772
-17.22,2.10123409474
-17.21,2.10918368705
-17.2,2.11566107481
-17.19,2.12060200156
-17.18,2.12394726847
-17.17,2.12564313667
-17.16,2.1256416947
-17.15,2.12390118824
-17.14,2.12038630963
-17.13,2.11506844518
-17.12,2.10792587857
-17.11,2.09894394896
-17.1,2.08811516291
-17.09,2.07543925969
-17.08,2.06092322965
-17.07,2.04458128622
-17.06,2.02643479198
-17.05,2.00651213997
-17.04,1.98484859165
-17.03,1.96148607328
-17.02,1.93647293284
-17.01,1.90986365982
-17.0,1.88171857068
-16.99,1.85210346282
-16.98,1.82108924017
-16.97,1.78875151383
-16.96,1.75517018117
-16.95,1.72042898689
-16.94,1.68461506991
-16.93,1.64781849956
-16.92,1.61013180494
-16.91,1.57164950107
-16.9,1.53246761545
-16.89,1.49268321857
-16.88,1.45239396187
-16.87,1.41169762617
-16.86,1.37069168402
-16.85,1.32947287843
-16.84,1.28813682109
-16.83,1.24677761211
-16.82,1.20548748379
-16.81,1.16435647007
-16.8,1.1234721035
-16.79,1.082919141
-16.78,1.04277931942
-16.77,1.00313114193
-16.76,0.964049695453
-16.75,0.925606499588
-16.74,0.887869386958
-16.73,0.850902414626
-16.72,0.814765806101
-16.71,0.77951592315
-16.7,0.745205266418
-16.69,0.71188250368
-16.68,0.679592524339
-16.67,0.648376518635
-16.66,0.618272079882
-16.65,0.589313327913
-16.64,0.56153105183
-16.63,0.534952870048
-16.62,0.509603405555
-16.61,0.485504474305
-16.6,0.462675284564
-16.59,0.441132645098
-16.58,0.42089118003
-16.57,0.401963548281
-16.56,0.384360665504
-16.55,0.368091926499
-16.54,0.353165426168
-16.53,0.339588177135
-16.52,0.327366322265
-16.51,0.316505340399
-16.5,0.307010243747
-16.49,0.298885765497
-16.48,0.292136536297
-16.47,0.286767248427
-16.46,0.282782806583
-16.45,0.28018846433
-16.44,0.278989945429
-16.43,0.279193549347
-16.42,0.280806240432
-16.41,0.283835720315
-16.4,0.288290483274
-16.39,0.294179854396
-16.38,0.301514010492
-16.37,0.310303983858
-16.36,0.320561649053
-16.35,0.332299693014
-16.34,0.345531568884
-16.33,0.360271434063
-16.32,0.376534073057
-16.31,0.394334805789
-16.3,0.413689382119
-16.29,0.434613863378
-16.28,0.457124491788
-16.27,0.48123754871
-16.26,0.506969202672
-16.25,0.534335348231
-16.24,0.563351436692
-16.23,0.594032299793
-16.22,0.626391967441
-16.21,0.660443480648
-16.2,0.696198700764
-16.19,0.733668116172
-16.18,0.772860647564
-16.17,0.813783452914
-16.16,0.856441733273
-16.15,0.900838540468
-16.14,0.94697458777
-16.13,0.99484806458
-16.12,1.04445445612
-16.11,1.09578636913
-16.1,1.14883336446
-16.09,1.2035817975
-16.08,1.26001466723
-16.07,1.31811147472
-16.06,1.37784809185
-16.05,1.43919664089
-16.04,1.50212538561
-16.03,1.56659863457
-16.02,1.63257665701
-16.01,1.70001561196
-16.0,1.76886749092
-15.99,1.83908007457
-15.98,1.91059690373
-15.97,1.98335726506
-15.96,2.05729619158
-15.95,2.13234447825
-15.94,2.20842871287
-15.93,2.28547132226
-15.92,2.36339063399
-15.91,2.44210095354
-15.9,2.52151265705
-15.89,2.60153229953
-15.88,2.68206273855
-15.87,2.76300327334
-15.86,2.84424979911
-15.85,2.92569497658
-15.84,3.00722841644
-15.83,3.08873687869
-15.82,3.17010448646
-15.81,3.25121295419
-15.8,3.33194182994
-15.79,3.41216875134
-15.78,3.49176971498
-15.77,3.57061935887
-15.76,3.64859125739
-15.75,3.72555822845
-15.74,3.80139265228
-15.73,3.87596680124
-15.72,3.94915318012
-15.71,4.02082487623
-15.7,4.0908559185
-15.69,4.15912164497
-15.68,4.22549907756
-15.67,4.28986730347
-15.66,4.35210786198
-15.65,4.41210513579
-15.64,4.46974674554
-15.63,4.52492394654
-15.62,4.57753202617
-15.61,4.62747070081
-15.6,4.67464451065
-15.59,4.71896321106
-15.58,4.76034215878
-15.57,4.79870269137
-15.56,4.8339724982
-15.55,4.86608598122
-15.54,4.89498460364
-15.53,4.92061722477
-15.52,4.94294041909
-15.51,4.96191877756
-15.5,4.97752518944
-15.49,4.98974110255
-15.48,4.99855676005
-15.47,5.00397141203
-15.46,5.00599349977
-15.45,5.0046408112
-15.44,4.99994060555
-15.43,4.9919297056
-15.42,4.98065455607
-15.41,4.96617124651
-15.4,4.94854549746
-15.39,4.92785260857
-15.38,4.90417736768
-15.37,4.87761391997
-15.36,4.84826559625
-15.35,4.81624470015
-15.34,4.78167225351
-15.33,4.74467770013
-15.32,4.7053985677
-15.31,4.66398008835
-15.3,4.62057477826
-15.29,4.57534197721
-15.28,4.52844734888
-15.27,4.48006234334
-15.26,4.43036362319
-15.25,4.37953245495
-15.24,4.32775406797
-15.23,4.27521698281
-15.22,4.22211231181
-15.21,4.16863303437
-15.2,4.11497325004
-15.19,4.06132741242
-15.18,4.00788954734
-15.17,3.95485245875
-15.16,3.90240692609
-15.15,3.85074089696
-15.14,3.80003867913
-15.13,3.75048013585
-15.12,3.70223988889
-15.11,3.6554865333
-15.1,3.61038186836
-15.09,3.56708014901
-15.08,3.52572736198
-15.07,3.48646053093
-15.06,3.44940705486
-15.05,3.41468408368
-15.04,3.38239793516
-15.03,3.35264355683
-15.02,3.32550403663
-15.01,3.30105016563
-15.0,3.27934005593
-14.99,3.26041881682
-14.98,3.24431829155
-14.97,3.23105685723
-14.96,3.22063928962
-14.95,3.21305669451
-14.94,3.20828650677
-14.93,3.20629255802
-14.92,3.20702521315
-14.91,3.21042157576
-14.9,3.21640576211
-14.89,3.22488924249
-14.88,3.23577124899
-14.87,3.24893924762
-14.86,3.26426947285
-14.85,3.28162752182
-14.84,3.30086900534
-14.83,3.32184025226
-14.82,3.34437906343
-14.81,3.36831551134
-14.8,3.3934727808
-14.79,3.4196680462
-14.78,3.44671338032
-14.77,3.47441668949
-14.76,3.50258266994
-14.75,3.53101377958
-14.74,3.55951121994
-14.73,3.58787592236
-14.72,3.6159095329
-14.71,3.64341539027
-14.7,3.6701994912
-14.69,3.69607143775
-14.68,3.72084536128
-14.67,3.74434081779
-14.66,3.76638364987
-14.65,3.78680681042
-14.64,3.80545114395
-14.63,3.82216612112
-14.62,3.83681052317
-14.61,3.84925307261
-14.6,3.85937300736
-14.59,3.86706059584
-14.58,3.87221759093
-14.57,3.87475762099
-14.56,3.87460651696
-14.55,3.8717025746
-14.54,3.86599675161
-14.53,3.85745279973
-14.52,3.84604733232
-14.51,3.83176982839
-14.5,3.81462257441
-14.49,3.79462054557
-14.48,3.7717912285
-14.47,3.74617438795
-14.46,3.7178217799
-14.45,3.68679681407
-14.44,3.65317416913
-14.43,3.61703936361
-14.42,3.5784882863
-14.41,3.53762668959
-14.4,3.4945696495
-14.39,3.44944099611
-14.38,3.40237271821
-14.37,3.35350434595
-14.36,3.30298231515
-14.35,3.25095931695
-14.34,3.19759363637
-14.33,3.14304848326
-14.32,3.08749131882
-14.31,3.03109318089
-14.3,2.97402801109
-14.29,2.91647198625
-14.28,2.85860285712
-14.27,2.80059929634
-14.26,2.74264025809
-14.25,2.68490435123
-14.24,2.62756922763
-14.23,2.57081098738
-14.22,2.51480360198
-14.21,2.45971835687
-14.2,2.40572331406
-14.19,2.35298279582
-14.18,2.30165688996
-14.17,2.25190097729
-14.16,2.20386528156
-14.15,2.15769444235
-14.14,2.11352711087
-14.13,2.07149556904
-14.12,2.03172537185
-14.11,1.99433501308
-14.1,1.95943561443
-14.09,1.92713063817
-14.08,1.89751562322
-14.07,1.87067794501
-14.06,1.846696599
-14.05,1.82564200809
-14.04,1.80757585429
-14.03,1.7925509346
-14.02,1.78061104172
-14.01,1.77179086975
-14.0,1.76611594535
-13.99,1.76360258473
-13.98,1.76425787711
-13.97,1.76807969484
-13.96,1.77505673098
-13.95,1.78516856457
-13.94,1.7983857542
-13.93,1.81466996019
-13.92,1.83397409582
-13.91,1.85624250776
-13.9,1.88141118604
-13.89,1.9094080034
-13.88,1.94015298416
-13.87,1.97355860224
-13.86,2.0095301079
-13.85,2.04796588276
-13.84,2.08875782213
-13.83,2.13179174379
-13.82,2.17694782186
-13.81,2.22410104449
-13.8,2.27312169345
-13.79,2.3238758439
-13.78,2.37622588213
-13.77,2.43003103886
-13.76,2.48514793556
-13.75,2.54143114099
-13.74,2.59873373496
-13.73,2.65690787628
-13.72,2.71580537148
-13.71,2.77527824097
-13.7,2.83517927918
-13.69,2.89536260511
-13.68,2.95568419974
-13.67,3.01600242677
-13.66,3.07617853309
-13.65,3.13607712578
-13.64,3.19556662209
-13.63,3.25451966957
-13.62,3.31281353311
-13.61,3.37033044653
-13.6,3.42695792607
-13.59,3.48258904383
-13.58,3.53712265929
-13.57,3.59046360758
-13.56,3.64252284351
-13.55,3.69321754061
-13.54,3.74247114516
-13.53,3.79021338532
-13.52,3.83638023619
-13.51,3.88091384167
-13.5,3.92376239497
-13.49,3.96487997945
-13.48,4.0042263724
-13.47,4.04176681427
-13.46,4.07747174675
-13.45,4.11131652286
-13.44,4.14328109295
-13.43,4.17334967052
-13.42,4.2015103821
-13.41,4.22775490549
-13.4,4.25207810088
-13.39,4.27447763924
-13.38,4.2949536328
-13.37,4.31350827178
-13.36,4.33014547199
-13.35,4.34487053752
-13.34,4.35768984248
-13.33,4.36861053573
-13.32,4.37764027198
-13.31,4.3847869725
-13.3,4.39005861831
-13.29,4.39346307804
-13.28,4.39500797264
-13.27,4.39470057824
-13.26,4.3925477683
-13.25,4.3885559954
-13.24,4.3827313128
-13.23,4.37507943527
-13.22,4.36560583804
-13.21,4.35431589253
-13.2,4.34121503687
-13.19,4.32630897872
-13.18,4.30960392768
-13.17,4.29110685402
-13.16,4.27082577019
-13.15,4.24877003125
-13.14,4.22495065012
-13.13,4.19938062339
-13.12,4.17207526306
-13.11,4.14305252981
-13.1,4.1123333631
-13.09,4.07994200347
-13.08,4.04590630247
-13.07,4.01025801586
-13.06,3.9730330757
-13.05,3.93427183735
-13.04,3.8940192975
-13.03,3.85232527972
-13.02,3.8092445845
-13.01,3.76483710081
-13.0,3.71916787692
-12.99,3.67230714846
-12.98,3.62433032231
-12.97,3.57531791519
-12.96,3.52535544644
-12.95,3.47453328491
-12.94,3.42294645035
-12.93,3.37069437018
-12.92,3.31788059295
-12.91,3.2646124603
-12.9,3.21100073954
-12.89,3.15715921955
-12.88,3.10320427284
-12.87,3.04925438716
-12.86,2.9954296702
-12.85,2.94185133123
-12.84,2.88864114385
-12.83,2.83592089391
-12.82,2.7838118173
-12.81,2.73243403175
-12.8,2.68190596752
-12.79,2.63234380133
-12.78,2.58386089809
-12.77,2.53656726501
-12.76,2.49056902222
-12.75,2.44596789431
-12.74,2.40286072667
-12.73,2.36133903047
-12.72,2.32148855984
-12.71,2.28338892449
-12.7,2.24711324079
-12.69,2.21272782396
-12.68,2.18029192365
-12.67,2.14985750498
-12.66,2.12146907651
-12.65,2.09516356657
-12.64,2.07097024856
-12.63,2.04891071599
-12.62,2.02899890709
-12.61,2.01124117896
-12.6,1.99563643047
-12.59,1.98217627295
-12.58,1.97084524738
-12.57,1.96162108633
-12.56,1.95447501878
-12.55,1.94937211532
-12.54,1.94627167135
-12.53,1.9451276254
-12.52,1.94588900939
-12.51,1.94850042762
-12.5,1.95290256109
-12.49,1.9590326933
-12.48,1.96682525391
-12.47,1.97621237627
-12.46,1.98712446491
-12.45,1.99949076881
-12.44,2.01323995649
-12.43,2.0283006888
-12.42,2.0446021853
-12.41,2.06207478024
-12.4,2.08065046424
-12.39,2.10026340779
-12.38,2.12085046282
-12.37,2.1423516389
-12.36,2.16471055058
-12.35,2.18787483278
-12.34,2.21179652116
-12.33,2.2364323949
-12.32,2.26174427934
-12.31,2.28769930629
-12.3,2.31427013032
-12.29,2.34143509916
-12.28,2.36917837728
-12.27,2.39749002158
-12.26,2.4263660086
-12.25,2.45580821319
-12.24,2.48582433859
-12.23,2.51642779861
-12.22,2.54763755254
-12.21,2.57947789413
-12.2,2.61197819614
-12.19,2.64517261229
-12.18,2.67909973874
-12.17,2.71380223775
-12.16,2.74932642608
-12.15,2.78572183129
-12.14,2.82304071927
-12.13,2.86133759625
-12.12,2.90066868934
-12.11,2.94109140917
-12.1,2.98266379871
-12.09,3.02544397243
-12.08,3.0694895499
-12.07,3.11485708806
-12.06,3.16160151625
-12.05,3.20977557845
-12.04,3.2594292865
-12.03,3.31060938854
-12.02,3.36335885646
-12.01,3.41771639606
-12.0,3.47371598341
-11.99,3.53138643081
-11.98,3.59075098515
-11.97,3.65182696171
-11.96,3.71462541559
-11.95,3.77915085308
-11.94,3.84540098467
-11.93,3.91336652124
-11.92,3.9830310144
-11.91,4.05437074186
-11.9,4.12735463811
-11.89,4.2019442704
-11.88,4.27809385981
-11.87,4.35575034648
-11.86,4.43485349826
-11.85,4.51533606117
-11.84,4.59712395016
-11.83,4.68013647825
-11.82,4.76428662173
-11.81,4.84948131925
-11.8,4.93562180188
-11.79,5.02260395164
-11.78,5.11031868545
-11.77,5.19865236144
-11.76,5.28748720463
-11.75,5.37670174881
-11.74,5.46617129143
-11.73,5.55576835844
-11.72,5.64536317607
-11.71,5.7348241464
-11.7,5.82401832411
-11.69,5.9128118915
-11.68,6.00107062927
-11.67,6.08866038071
-11.66,6.17544750718
-11.65,6.26129933271
-11.64,6.3460845762
-11.63,6.4296737696
-11.62,6.51193966078
-11.61,6.59275760009
-11.6,6.67200590978
-11.59,6.74956623569
-11.58,6.82532388085
-11.57,6.89916812089
-11.56,6.97099250112
-11.55,7.04069511573
-11.54,7.10817886929
-11.53,7.17335172113
-11.52,7.2361269132
-11.51,7.29642318211
-11.5,7.35416495613
-11.49,7.40928253797
-11.48,7.46171227413
-11.47,7.51139671171
-11.46,7.55828474338
-11.45,7.60233174131
-11.44,7.64349968077
-11.43,7.68175725375
-11.42,7.7170799734
-11.41,7.74945026923
-11.4,7.77885757358
-11.39,7.80529839918
-11.38,7.82877640778
-11.37,7.84930246954
-11.36,7.8668947127
-11.35,7.88157856293
-11.34,7.8933867716
-11.33,7.90235943203
-11.32,7.90854398262
-11.31,7.91199519575
-11.3,7.91277515103
-11.29,7.91095319161
-11.28,7.90660586196
-11.27,7.89981682573
-11.26,7.890676762
-11.25,7.87928323851
-11.24,7.86574056019
-11.23,7.85015959169
-11.22,7.8326575524
-11.21,7.81335778266
-11.2,7.79238948019
-11.19,7.76988740555
-11.18,7.74599155594
-11.17,7.72084680681
-11.16,7.69460252084
-11.15,7.66741212425
-11.14,7.63943265063
-11.13,7.61082425274
-11.12,7.58174968309
-11.11,7.55237374435
-11.1,7.52286271102
-11.09,7.49338372402
-11.08,7.46410416031
-11.07,7.43519097983
-11.06,7.40681005238
-11.05,7.37912546747
-11.04,7.35229883024
-11.03,7.32648854699
-11.02,7.30184910394
-11.01,7.27853034324
-11.0,7.25667674016
-10.99,7.23642668584
-10.98,7.21791177983
-10.97,7.20125613692
-10.96,7.18657571266
-10.95,7.17397765214
-10.94,7.16355966638
-10.93,7.15540944081
-10.92,7.14960407995
-10.91,7.1462095926
-10.9,7.14528042135
-10.89,7.14685902017
-10.88,7.15097548357
-10.87,7.15764723042
-10.86,7.16687874544
-10.85,7.17866138084
-10.84,7.19297322012
-10.83,7.20977900607
-10.82,7.22903013421
-10.81,7.25066471252
-10.8,7.27460768826
-10.79,7.30077104175
-10.78,7.32905404688
-10.77,7.35934359759
-10.76,7.39151459909
-10.75,7.42543042225
-10.74,7.46094341906
-10.73,7.49789549686
-10.72,7.53611874852
-10.71,7.57543613527
-10.7,7.61566221903
-10.69,7.65660394018
-10.68,7.69806143686
-10.67,7.73982890145
-10.66,7.78169546985
-10.65,7.82344613867
-10.64,7.8648627057
-10.63,7.90572472853
-10.62,7.94581049642
-10.61,7.98489801028
-10.6,8.02276596562
-10.59,8.0591947335
-10.58,8.09396733428
-10.57,8.12687039933
-10.56,8.15769511584
-10.55,8.18623814991
-10.54,8.21230254341
-10.53,8.23569858026
-10.52,8.25624461786
-10.51,8.27376787979
-10.5,8.28810520602
-10.49,8.29910375714
-10.48,8.3066216695
-10.47,8.31052865831
-10.46,8.31070656608
-10.45,8.30704985417
-10.44,8.29946603533
-10.43,8.28787604574
-10.42,8.27221455503
-10.41,8.25243021338
-10.4,8.22848583486
-10.39,8.20035851682
-10.38,8.16803969507
-10.37,8.13153513523
-10.36,8.09086486078
-10.35,8.04606301865
-10.34,7.99717768359
-10.33,7.94427060264
-10.32,7.8874168816
-10.31,7.82670461536
-10.3,7.76223446436
-10.29,7.69411917975
-10.28,7.62248307983
-10.27,7.54746148083
-10.26,7.46920008502
-10.25,7.38785432957
-10.24,7.30358869951
-10.23,7.21657600841
-10.22,7.12699665056
-10.21,7.03503782841
-10.2,6.94089275916
-10.19,6.84475986455
-10.18,6.74684194776
-10.17,6.64734536153
-10.16,6.54647917156
-10.15,6.44445431905
-10.14,6.34148278661
-10.13,6.23777677124
-10.12,6.13354786841
-10.11,6.02900627084
-10.1,5.92435998584
-10.09,5.81981407445
-10.08,5.7155699161
-10.07,5.61182450172
-10.06,5.50876975852
-10.05,5.40659190934
-10.04,5.30547086905
-10.03,5.2055796808
-10.02,5.10708399409
-10.01,5.01014158684
-10.0,4.91490193333
-9.99,4.82150581951
-9.98,4.73008500708
-9.97,4.64076194747
-9.96,4.55364954652
-9.95,4.46885098067
-9.94,4.38645956485
-9.93,4.30655867234
-9.92,4.2292217065
-9.91,4.15451212405
-9.9,4.0824835092
-9.89,4.01317969811
-9.88,3.94663495229
-9.87,3.88287417999
-9.86,3.82191320389
-9.85,3.76375907348
-9.84,3.70841042014
-9.83,3.65585785284
-9.82,3.60608439207
-9.81,3.55906593954
-9.8,3.51477178076
-9.79,3.47316511779
-9.78,3.43420362889
-9.77,3.39784005192
-9.76,3.36402278803
-9.75,3.33269652212
-9.74,3.30380285634
-9.73,3.27728095289
-9.72,3.25306818211
-9.71,3.23110077204
-9.7,3.21131445525
-9.69,3.19364510891
-9.68,3.178029384
-9.67,3.1644053195
-9.66,3.15271293752
-9.65,3.14289481528
-9.64,3.13489663001
-9.63,3.12866767291
-9.62,3.12416132842
-9.61,3.12133551527
-9.6,3.12015308599
-9.59,3.12058218154
-9.58,3.1225965385
-9.57,3.1261757458
-9.56,3.13130544913
-9.55,3.1379775006
-9.54,3.14619005248
-9.53,3.15594759343
-9.52,3.16726092661
-9.51,3.18014708921
-9.5,3.1946292134
-9.49,3.21073632916
-9.48,3.22850310995
-9.47,3.24796956265
-9.46,3.26918066346
-9.45,3.29218594219
-9.44,3.31703901755
-9.43,3.34379708673
-9.42,3.37252037266
-9.41,3.40327153304
-9.4,3.43611503543
-9.39,3.47111650289
-9.38,3.50834203536
-9.37,3.54785751172
-9.36,3.58972787807
-9.35,3.63401642773
-9.34,3.68078407874
-9.33,3.73008865452
-9.32,3.78198417352
-9.31,3.83652015364
-9.3,3.89374093709
-9.29,3.95368504116
-9.28,4.01638454038
-9.27,4.08186448511
-9.26,4.15014236143
-9.25,4.22122759682
-9.24,4.29512111588
-9.23,4.37181494964
-9.22,4.451291902
-9.21,4.53352527587
-9.2,4.61847866155
-9.19,4.706105789
-9.18,4.79635044536
-9.17,4.88914645838
-9.16,4.98441774592
-9.15,5.08207843125
-9.14,5.18203302303
-9.13,5.2841766587
-9.12,5.38839540915
-9.11,5.49456664236
-9.1,5.6025594429
-9.09,5.7122350841
-9.08,5.82344754898
-9.07,5.93604409597
-9.06,6.04986586483
-9.05,6.16474851816
-9.04,6.28052291364
-9.03,6.39701580171
-9.02,6.51405054367
-9.01,6.63144784473
-9.0,6.74902649686
-8.99,6.86660412603
-8.98,6.98399793857
-8.97,7.10102546176
-8.96,7.21750527338
-8.95,7.33325771584
-8.94,7.44810558997
-8.93,7.56187482467
-8.92,7.674395118
-8.91,7.78550054654
-8.9,7.89503013939
-8.89,8.0028284141
-8.88,8.10874587184
-8.87,8.2126394498
-8.86,8.31437292886
-8.85,8.41381729525
-8.84,8.51085105513
-8.83,8.60536050139
-8.82,8.69723993246
-8.81,8.78639182309
-8.8,8.87272694748
-8.79,8.95616445544
-8.78,9.03663190261
-8.77,9.11406523579
-8.76,9.188408735
-8.75,9.25961491385
-8.74,9.32764438014
-8.73,9.39246565866
-8.72,9.45405497848
-8.71,9.51239602683
-8.7,9.56747967223
-8.69,9.61930365912
-8.68,9.66787227669
-8.67,9.71319600441
-8.66,9.75529113695
-8.65,9.79417939117
-8.64,9.82988749763
-8.63,9.8624467796
-8.62,9.89189272197
-8.61,9.91826453278
-8.6,9.94160469996
-8.59,9.96195854601
-8.58,9.9793737829
-8.57,9.99390007009
-8.56,10.0055885778
-8.55,10.0144915585
-8.54,10.0206619282
-8.53,10.024152861
-8.52,10.0250173987
-8.51,10.023308077
-8.5,10.0190765727
-8.49,10.0123733709
-8.48,10.0032474579
-8.47,9.99174603817
-8.46,9.97791428054
-8.45,9.96179509287
-8.44,9.9434289284
-8.43,9.92285362463
-8.42,9.90010427619
-8.41,9.87521314297
-8.4,9.84820959429
-8.39,9.81912009003
-8.38,9.78796819911
-8.37,9.75477465565
-8.36,9.71955745278
-8.35,9.6823319738
-8.34,9.64311116015
-8.33,9.60190571525
-8.32,9.55872434305
-8.31,9.51357401979
-8.3,9.46646029707
-8.29,9.41738763422
-8.28,9.36635975737
-8.27,9.31338004257
-8.26,9.25845191988
-8.25,9.20157929514
-8.24,9.14276698591
-8.23,9.08202116772
-8.22,9.01934982675
-8.21,8.95476321479
-8.2,8.88827430228
-8.19,8.81989922494
-8.18,8.74965771987
-8.17,8.6775735465
-8.16,8.60367488818
-8.15,8.52799473008
-8.14,8.45057120934
-8.13,8.37144793336
-8.12,8.2906742627
-8.11,8.20830555481
-8.1,8.12440336565
-8.09,8.03903560612
-8.08,7.95227665088
-8.07,7.86420739741
-8.06,7.77491527362
-8.05,7.68449419275
-8.04,7.59304445464
-8.03,7.50067259322
-8.02,7.4074911702
-8.01,7.31361851569
-8.0,7.21917841666
-7.99,7.12429975509
-7.98,7.02911609754
-7.97,6.93376523875
-7.96,6.83838870208
-7.95,6.74313120015
-7.94,6.64814005912
-7.93,6.55356461071
-7.92,6.45955555611
-7.91,6.36626430631
-7.9,6.27384230347
-7.89,6.18244032828
-7.88,6.09220779821
-7.87,6.00329206168
-7.86,5.91583769329
-7.85,5.82998579518
-7.84,5.74587330944
-7.83,5.66363234653
-7.82,5.58338953452
-7.81,5.5052653936
-7.8,5.42937374038
-7.79,5.35582112597
-7.78,5.28470631176
-7.77,5.21611978639
-7.76,5.15014332711
-7.75,5.08684960842
-7.74,5.02630186042
-7.73,4.96855357897
-7.72,4.91364828954
-7.71,4.86161936573
-7.7,4.81248990381
-7.69,4.76627265349
-7.68,4.72297000517
-7.67,4.68257403356
-7.66,4.64506659687
-7.65,4.6104194907
-7.64,4.57859465542
-7.63,4.54954443525
-7.62,4.52321188728
-7.61,4.49953113809
-7.6,4.47842778569
-7.59,4.45981934387
-7.58,4.44361572631
-7.57,4.42971976718
-7.56,4.41802777511
-7.55,4.40843011718
-7.54,4.40081182935
-7.53,4.39505325001
-7.52,4.39103067285
-7.51,4.38861701563
-7.5,4.38768250101
-7.49,4.38809534614
-7.48,4.3897224572
-7.47,4.39243012551
-7.46,4.39608472187
-7.45,4.40055338559
-7.44,4.40570470532
-7.43,4.41140938831
-7.42,4.4175409153
-7.41,4.42397617831
-7.4,4.43059609845
-7.39,4.4372862216
-7.38,4.44393728934
-7.37,4.45044578314
-7.36,4.45671443991
-7.35,4.46265273684
-7.34,4.46817734428
-7.33,4.47321254479
-7.32,4.47769061735
-7.31,4.48155218551
-7.3,4.48474652839
-7.29,4.48723185378
-7.28,4.48897553261
-7.27,4.48995429419
-7.26,4.49015438177
-7.25,4.48957166808
-7.24,4.48821173057
-7.23,4.48608988623
-7.22,4.48323118603
-7.21,4.47967036877
-7.2,4.47545177476
-7.19,4.4706292192
-7.18,4.46526582575
-7.17,4.45943382048
-7.16,4.45321428657
-7.15,4.4466968803
-7.14,4.43997950868
-7.13,4.43316796942
-7.12,4.42637555385
-7.11,4.41972261342
-7.1,4.4133360907
-7.09,4.40734901563
-7.08,4.40189996814
-7.07,4.39713250805
-7.06,4.39319457366
-7.05,4.39023785011
-7.04,4.38841710919
-7.03,4.38788952204
-7.02,4.38881394665
-7.01,4.39135019191
-7.0,4.39565826053
-6.99,4.40189757292
-6.98,4.41022617466
-6.97,4.42079993014
-6.96,4.43377170535
-6.95,4.44929054279
-6.94,4.46750083188
-6.93,4.48854147823
-6.92,4.51254507555
-6.91,4.53963708402
-6.9,4.56993501897
-6.89,4.60354765432
-6.88,4.64057424474
-6.87,4.68110377118
-6.86,4.72521421405
-6.85,4.77297185875
-6.84,4.82443063788
-6.83,4.87963151493
-6.82,4.93860191361
-6.81,5.00135519753
-6.8,5.06789020423
-6.79,5.1381908378
-6.78,5.21222572393
-6.77,5.28994793096
-6.76,5.37129476041
-6.75,5.45618760972
-6.74,5.5445319101
-6.73,5.63621714146
-6.72,5.73111692635
-6.71,5.82908920397
-6.7,5.92997648524
-6.69,6.03360618895
-6.68,6.13979105883
-6.67,6.24832966049
-6.66,6.35900695685
-6.65,6.47159496001
-6.64,6.58585345687
-6.63,6.70153080532
-6.62,6.81836479725
-6.61,6.93608358411
-6.6,7.05440666015
-6.59,7.17304589811
-6.58,7.29170663164
-6.57,7.4100887783
-6.56,7.52788799674
-6.55,7.64479687124
-6.54,7.76050611668
-6.53,7.87470579667
-6.52,7.98708654771
-6.51,8.09734080178
-6.5,8.20516400038
-6.49,8.31025579237
-6.48,8.41232120878
-6.47,8.51107180755
-6.46,8.60622678156
-6.45,8.69751402364
-6.44,8.78467114256
-6.43,8.86744642454
-6.42,8.94559973518
-6.41,9.0189033573
-6.4,9.08714276059
-6.39,9.1501172999
-6.38,9.20764083904
-6.37,9.25954229817
-6.36,9.30566612297
-6.35,9.34587267478
-6.34,9.38003854132
-6.33,9.40805676822
-6.32,9.42983701223
-6.31,9.44530561755
-6.3,9.45440561715
-6.29,9.45709666153
-6.28,9.45335487791
-6.27,9.44317266294
-6.26,9.42655841277
-6.25,9.40353619438
-6.24,9.37414536241
-6.23,9.33844012587
-6.22,9.29648906944
-6.21,9.24837463396
-6.2,9.19419256083
-6.19,9.13405130519
-6.18,9.06807142237
-6.17,8.99638493243
-6.16,8.91913466697
-6.15,8.83647360282
-6.14,8.74856418632
-6.13,8.65557765241
-6.12,8.55769334169
-6.11,8.45509801914
-6.1,8.3479851972
-6.09,8.2365544661
-6.08,8.12101083374
-6.07,8.00156407718
-6.06,7.87842810765
-6.05,7.75182035046
-6.04,7.62196114106
-6.03,7.48907313822
-6.02,7.35338075504
-6.01,7.21510960828
-6.0,7.0744859863
-5.99,6.93173633575
-5.98,6.787086767
-5.97,6.64076257818
-5.96,6.49298779753
-5.95,6.34398474393
-5.94,6.1939736051
-5.93,6.04317203323
-5.92,5.89179475768
-5.91,5.74005321445
-5.9,5.588155192
-5.89,5.43630449345
-5.88,5.28470061472
-5.87,5.13353843879
-5.86,4.98300794581
-5.85,4.83329393939
-5.84,4.68457578899
-5.83,4.5370271889
-5.82,4.39081593387
-5.81,4.24610371192
-5.8,4.10304591472
-5.79,3.96179146605
-5.78,3.82248266867
-5.77,3.68525507041
-5.76,3.55023734969
-5.75,3.41755122111
-5.74,3.28731136161
-5.73,3.15962535742
-5.72,3.03459367235
-5.71,2.91230963748
-5.7,2.79285946251
-5.69,2.67632226873
-5.68,2.56277014355
-5.67,2.45226821644
-5.66,2.34487475566
-5.65,2.24064128563
-5.64,2.13961272386
-5.63,2.04182753694
-5.62,1.94731791446
-5.61,1.85610995964
-5.6,1.76822389562
-5.59,1.6836742857
-5.58,1.60247026627
-5.57,1.52461579049
-5.56,1.4501098811
-5.55,1.3789468905
-5.54,1.31111676605
-5.53,1.24660531863
-5.52,1.18539449251
-5.51,1.12746263434
-5.5,1.07278475927
-5.49,1.02133281214
-5.48,0.973075921767
-5.47,0.927980646403
-5.46,0.886011208429
-5.45,0.847129716642
-5.44,0.811296374439
-5.43,0.778469672417
-5.42,0.748606564051
-5.41,0.721662623283
-5.4,0.697592183015
-5.39,0.67634845374
-5.38,0.657883621693
-5.37,0.642148926162
-5.36,0.629094715802
-5.35,0.618670484006
-5.34,0.610824883638
-5.33,0.605505721637
-5.32,0.602659934238
-5.31,0.60223354376
-5.3,0.604171598144
-5.29,0.608418094602
-5.28,0.614915888957
-5.27,0.62360659241
-5.26,0.63443045764
-5.25,0.647326256314
-5.24,0.662231150174
-5.23,0.679080558006
-5.22,0.69780802088
-5.21,0.71834506811
-5.2,0.740621086417
-5.19,0.764563194824
-5.18,0.790096127772
-5.17,0.81714212893
-5.16,0.845620858124
-5.15,0.87544931369
-5.14,0.906541772499
-5.13,0.938809749714
-5.12,0.972161980227
-5.11,1.00650442352
-5.1,1.04174029348
-5.09,1.07777011454
-5.08,1.11449180518
-5.07,1.15180078967
-5.06,1.18959013853
-5.05,1.2277507382
-5.04,1.26617148962
-5.03,1.30473953565
-5.02,1.34334051672
-5.01,1.38185885366
-5.0,1.42017805671
-4.99,1.45818105914
-4.98,1.49575057372
-4.97,1.53276947013
-4.96,1.56912117086
-4.95,1.60469006326
-4.94,1.63936192499
-4.93,1.67302435989
-4.92,1.70556724125
-4.91,1.73688315931
-4.9,1.76686786959
-4.89,1.79542073876
-4.88,1.82244518446
-4.87,1.84784910583
-4.86,1.87154530111
-4.85,1.89345186909
-4.84,1.913492591
-4.83,1.93159728977
-4.82,1.94770216361
-4.81,1.961750091
-4.8,1.97369090461
-4.79,1.98348163164
-4.78,1.99108669845
-4.77,1.99647809775
-4.76,1.99963551667
-4.75,2.00054642454
-4.74,1.99920611953
-4.73,1.99561773345
-4.72,1.9897921947
-4.71,1.98174814924
-4.7,1.97151184035
-4.69,1.95911694771
-4.68,1.94460438714
-4.67,1.92802207241
-4.66,1.90942464086
-4.65,1.88887314488
-4.64,1.86643471168
-4.63,1.84218217371
-4.62,1.81619367275
-4.61,1.78855224046
-4.6,1.75934535855
-4.59,1.7286645019
-4.58,1.69660466796
-4.57,1.66326389575
-4.56,1.62874277809
-4.55,1.59314397041
-4.54,1.55657169953
-4.53,1.51913127596
-4.52,1.48092861277
-4.51,1.44206975445
-4.5,1.40266041851
-4.49,1.36280555297
-4.48,1.32260891219
-4.47,1.28217265361
-4.46,1.24159695759
-4.45,1.20097967247
-4.44,1.16041598642
-4.43,1.11999812771
-4.42,1.07981509462
-4.41,1.03995241585
-4.4,1.00049194229
-4.39,0.961511670347
-4.38,0.92308559725
-4.37,0.885283607989
-4.36,0.848171393718
-4.35,0.811810400947
-4.34,0.776257810738
-4.33,0.741566546895
-4.32,0.707785311903
-4.31,0.674958649242
-4.3,0.643127030502
-4.29,0.612326965593
-4.28,0.582591134222
-4.27,0.553948536697
-4.26,0.526424662011
-4.25,0.500041671134
-4.24,0.47481859333
-4.23,0.450771533334
-4.22,0.427913887165
-4.21,0.406256564384
-4.2,0.385808214597
-4.19,0.36657545605
-4.18,0.348563104181
-4.17,0.331774398104
-4.16,0.316211222991
-4.15,0.301874326484
-4.14,0.288763527286
-4.13,0.276877914232
-4.12,0.26621603421
-4.11,0.256776067456
-4.1,0.248555988825
-4.09,0.241553713807
-4.08,0.235767228154
-4.07,0.231194700157
-4.06,0.227834574707
-4.05,0.225685648457
-4.04,0.224747125521
-4.03,0.225018653304
-4.02,0.226500338192
-4.01,0.229192740994
-4.0,0.233096852172
-3.99,0.238214047024
-3.98,0.244546021177
-3.97,0.252094706833
-3.96,0.260862170417
-3.95,0.270850492373
-3.94,0.282061630029
-3.93,0.294497264555
-3.92,0.308158633208
-3.91,0.323046348164
-3.9,0.339160203361
-3.89,0.356498970919
-3.88,0.375060188783
-3.87,0.394839941358
-3.86,0.415832635007
-3.85,0.438030770344
-3.84,0.461424713359
-3.83,0.486002467446
-3.82,0.511749448491
-3.81,0.538648265178
-3.8,0.566678506723
-3.79,0.595816540237
-3.78,0.62603531993
-3.77,0.657304210308
-3.76,0.689588825518
-3.75,0.722850886898
-3.74,0.757048100723
-3.73,0.792134058051
-3.72,0.828058158438
-3.71,0.864765559165
-3.7,0.902197151465
-3.69,0.940289565071
-3.68,0.978975202214
-3.67,1.01818230199
-3.66,1.0578350358
-3.65,1.09785363438
-3.64,1.13815454657
-3.63,1.17865062986
-3.62,1.21925137246
-3.61,1.25986314626
-3.6,1.30038948988
-3.59,1.34073142082
-3.58,1.38078777521
-3.57,1.42045557362
-3.56,1.45963041105
-3.55,1.49820686892
-3.54,1.53607894682
-3.53,1.57314051123
-3.52,1.6092857587
-3.51,1.64440969032
-3.5,1.67840859445
-3.49,1.71118053446
-3.48,1.74262583812
-3.47,1.77264758525
-3.46,1.80115209
-3.45,1.82804937454
-3.44,1.85325363035
-3.43,1.87668366399
-3.42,1.89826332375
-3.41,1.91792190411
-3.4,1.93559452473
-3.39,1.95122248126
-3.38,1.96475356503
-3.37,1.97614234921
-3.36,1.98535043915
-3.35,1.99234668501
-3.34,1.99710735475
-3.33,1.99961626642
-3.32,1.99986487842
-3.31,1.99785233711
-3.3,1.99358548139
-3.29,1.98707880427
-3.28,1.9783543715
-3.27,1.96744169825
-3.26,1.95437758451
-3.25,1.93920591075
-3.24,1.92197739529
-3.23,1.90274931541
-3.22,1.88158519438
-3.21,1.85855445681
-3.2,1.83373205503
-3.19,1.80719806944
-3.18,1.77903728577
-3.17,1.74933875262
-3.16,1.71819532248
-3.15,1.68570317968
-3.14,1.65196135883
-3.13,1.61707125706
-3.12,1.58113614373
-3.11,1.5442606709
-3.1,1.50655038803
-3.09,1.46811126413
-3.08,1.42904922056
-3.07,1.38946967737
-3.06,1.34947711614
-3.05,1.30917466185
-3.04,1.26866368621
-3.03,1.22804343467
-3.02,1.18741067905
-3.01,1.14685939747
-3.0,1.10648048296
-2.99,1.06636148203
-2.98,1.02658636409
-2.97,0.987235322181
-2.96,0.948384605701
-2.95,0.910106384935
-2.94,0.872468647473
-2.93,0.835535126039
-2.92,0.799365257169
-2.91,0.764014169912
-2.9,0.729532703542
-2.89,0.695967453084
-2.88,0.663360841281
-2.87,0.631751215495
-2.86,0.601172967887
-2.85,0.571656677118
-2.84,0.543229269717
-2.83,0.515914199183
-2.82,0.489731640837
-2.81,0.464698700393
-2.8,0.440829634203
-2.79,0.418136079109
-2.78,0.39662728987
-2.77,0.376310382126
-2.76,0.35719057893
-2.75,0.339271458891
-2.74,0.322555204071
-2.73,0.307042845823
-2.72,0.29273450684
-2.71,0.279629637782
-2.7,0.267727246932
-2.69,0.25702612143
-2.68,0.247525038746
-2.67,0.239222967132
-2.66,0.232119253945
-2.65,0.22621380079
-2.64,0.22150722458
-2.63,0.218001003692
-2.62,0.21569760853
-2.61,0.214600615879
-2.6,0.214714806577
-2.59,0.216046246092
-2.58,0.21860234772
-2.57,0.222391918209
-2.56,0.227425185685
-2.55,0.233713809877
-2.54,0.241270874702
-2.53,0.250110863352
-2.52,0.260249616125
-2.51,0.271704271285
-2.5,0.284493189344
-2.49,0.298635861189
-2.48,0.314152800587
-2.47,0.33106542162
-2.46,0.349395901694
-2.45,0.369167030809
-2.44,0.39040204783
-2.43,0.413124464566
-2.42,0.437357878484
-2.41,0.463125774974
-2.4,0.490451320069
-2.39,0.519357144634
-2.38,0.549865120997
-2.37,0.581996133115
-2.36,0.615769841321
-2.35,0.651204442794
-2.34,0.688316428869
-2.33,0.727120340374
-2.32,0.767628522153
-2.31,0.809850877999
-2.3,0.853794627192
-2.29,0.899464063885
-2.28,0.946860320546
-2.27,0.995981136714
-2.26,1.04682063427
-2.25,1.09936910049
-2.24,1.15361278003
-2.23,1.2095336771
-2.22,1.26710936901
-2.21,1.32631283217
-2.2,1.38711228182
-2.19,1.44947102636
-2.18,1.51334733767
-2.17,1.57869433807
-2.16,1.64545990522
-2.15,1.7135865957
-2.14,1.78301158821
-2.13,1.85366664719
-2.12,1.92547810767
-2.11,1.99836688196
-2.1,2.07224848882
-2.09,2.14703310578
-2.08,2.22262564482
-2.07,2.29892585208
-2.06,2.3758284317
-2.05,2.45322319409
-2.04,2.53099522868
-2.03,2.60902510121
-2.02,2.6871890755
-2.01,2.76535935941
-2.0,2.84340437475
-1.99,2.92118905073
-1.98,2.99857514035
-1.97,3.07542155922
-1.96,3.15158474583
-1.95,3.22691904254
-1.94,3.30127709626
-1.93,3.37451027759
-1.92,3.44646911716
-1.91,3.51700375794
-1.9,3.58596442174
-1.89,3.65320188851
-1.88,3.71856798652
-1.87,3.78191609167
-1.86,3.8431016338
-1.85,3.90198260811
-1.84,3.9584200894
-1.83,4.01227874682
-1.82,4.06342735696
-1.81,4.1117393127
-1.8,4.15709312545
-1.79,4.19937291833
-1.78,4.23846890757
-1.77,4.27427786984
-1.76,4.30670359281
-1.75,4.33565730646
-1.74,4.36105809272
-1.73,4.38283327095
-1.72,4.40091875703
-1.71,4.4152593937
-1.7,4.42580925012
-1.69,4.43253188866
-1.68,4.43540059697
-1.67,4.43439858392
-1.66,4.42951913758
-1.65,4.4207657444
-1.64,4.40815216814
-1.63,4.39170248804
-1.62,4.37145109558
-1.61,4.34744264946
-1.6,4.31973198886
-1.59,4.28838400521
-1.58,4.25347347298
-1.57,4.21508484028
-1.56,4.17331198034
-1.55,4.12825790528
-1.54,4.08003444374
-1.53,4.02876188426
-1.52,3.97456858656
-1.51,3.9175905631
-1.5,3.8579710334
-1.49,3.7958599541
-1.48,3.73141352745
-1.47,3.66479369161
-1.46,3.59616759582
-1.45,3.52570706385
-1.44,3.45358804915
-1.43,3.37999008512
-1.42,3.30509573406
-1.41,3.22909003816
-1.4,3.15215997602
-1.39,3.07449392797
-1.38,2.99628115353
-1.37,2.91771128394
-1.36,2.83897383284
-1.35,2.76025772775
-1.34,2.68175086491
-1.33,2.60363968967
-1.32,2.52610880458
-1.31,2.44934060682
-1.3,2.37351495635
-1.29,2.29880887609
-1.28,2.22539628472
-1.27,2.1534477627
-1.26,2.08313035159
-1.25,2.01460738652
-1.24,1.9480383612
-1.23,1.88357882469
-1.22,1.82138030872
-1.21,1.76159028401
-1.2,1.70435214391
-1.19,1.64980521325
-1.18,1.59808478001
-1.17,1.54932214745
-1.16,1.50364470366
-1.15,1.46117600587
-1.14,1.42203587622
-1.13,1.38634050583
-1.12,1.35420256388
-1.11,1.32573130831
-1.1,1.30103269467
-1.09,1.28020947989
-1.08,1.26336131739
-1.07,1.25058484051
-1.06,1.24197373087
-1.05,1.23761876881
-1.04,1.23760786301
-1.03,1.24202605654
-1.02,1.25095550721
-1.01,1.26447543982
-0.999999999995,1.2826620686
-0.989999999995,1.30558848829
-0.979999999995,1.33332453269
-0.969999999995,1.36593659976
-0.959999999995,1.40348744286
-0.949999999995,1.44603592808
-0.939999999995,1.49363675786
-0.929999999995,1.54634016159
-0.919999999995,1.60419155449
-0.909999999995,1.66723116591
-0.899999999995,1.73549363933
-0.889999999995,1.80900760594
-0.879999999995,1.88779523483
-0.869999999995,1.97187176241
-0.859999999995,2.06124500481
-0.849999999995,2.1559148565
-0.839999999995,2.25587277945
-0.829999999995,2.36110128682
-0.819999999995,2.47157342576
-0.809999999995,2.58725226385
-0.799999999995,2.70809038417
-0.789999999995,2.83402939374
-0.779999999995,2.96499945053
-0.769999999995,3.100918814
-0.759999999995,3.2416934242
-0.749999999995,3.3872165146
-0.739999999995,3.53736826336
-0.729999999995,3.69201548799
-0.719999999995,3.85101138791
-0.709999999995,4.01419533926
-0.699999999995,4.18139274618
-0.689999999995,4.35241495215
-0.679999999995,4.52705921499
-0.669999999995,4.70510874848
-0.659999999995,4.88633283323
-0.649999999995,5.07048699898
-0.639999999995,5.25731327992
-0.629999999995,5.44654054436
-0.619999999995,5.63788489923
-0.609999999995,5.83105016958
-0.599999999995,6.02572845266
-0.589999999995,6.22160074548
-0.579999999995,6.41833764439
-0.569999999995,6.61560011441
-0.559999999995,6.81304032578
-0.549999999995,7.01030255448
-0.539999999995,7.20702414297
-0.529999999995,7.40283651693
-0.519999999995,7.59736625351
-0.509999999995,7.79023619576
-0.499999999995,7.98106660798
-0.489999999995,8.16947636603
-0.479999999995,8.35508417659
-0.469999999995,8.53750981892
-0.459999999995,8.71637540255
-0.449999999995,8.89130663421
-0.439999999995,9.06193408711
-0.429999999995,9.2278944657
-0.419999999995,9.38883185909
-0.409999999995,9.54439897617
-0.399999999995,9.69425835589
-0.389999999995,9.83808354602
-0.379999999995,9.97556024413
-0.369999999995,10.1063873946
-0.359999999995,10.2302782363
-0.349999999995,10.3469612945
-0.339999999995,10.4561813134
-0.329999999995,10.5577001235
-0.319999999995,10.65129744
-0.309999999995,10.7367715884
-0.299999999995,10.8139401547
-0.289999999995,10.8826405561
-0.279999999995,10.9427305313
-0.269999999995,10.9940885485
-0.259999999995,11.0366141284
-0.249999999995,11.0702280842
-0.239999999995,11.0948726759
-0.229999999995,11.1105116807
-0.219999999995,11.1171303794
-0.209999999995,11.1147354614
-0.199999999995,11.1033548483
-0.189999999995,11.0830374393
-0.179999999995,11.0538527807
-0.169999999995,11.0158906624
-0.159999999995,10.9692606438
-0.149999999995,10.9140915141
-0.139999999995,10.8505306893
-0.129999999995,10.7787435498
-0.119999999995,10.6989127246
-0.109999999995,10.6112373234
-0.0999999999953,10.5159321239
-0.0899999999953,10.4132267167
-0.0799999999953,10.3033646134
-0.0699999999953,10.1866023221
-0.0599999999953,10.0632083946
-0.0499999999953,9.93346245093
-0.0399999999953,9.79765418401
-0.0299999999953,9.65608235029
-0.0199999999953,9.50905375005
-0.00999999999531,9.35688220162
4.68958205602e-12,9.19988751376
0.0100000000047,9.03839446003
0.0200000000047,8.87273175901
0.0300000000047,8.70323106408
0.0400000000047,8.53022596615
0.0500000000047,8.35405101276
0.0600000000047,8.17504074658
0.0700000000047,7.99352876643
0.0800000000047,7.80984681346
0.0900000000047,7.62432388525
0.100000000005,7.43728538012
0.110000000005,7.24905227392
0.120000000005,7.05994033151
0.130000000005,6.87025935459
0.140000000005,6.68031246778
0.150000000005,6.49039544436
0.160000000005,6.30079607307
0.170000000005,6.11179356718
0.180000000005,5.92365801677
0.190000000005,5.73664988512
0.200000000005,5.55101954985
0.210000000005,5.36700688935
0.220000000005,5.18484091472
0.230000000005,5.00473944755
0.240000000005,4.82690884349
0.250000000005,4.65154376134
0.260000000005,4.47882697751
0.270000000005,4.30892924532
0.280000000005,4.1420091984
0.290000000005,3.97821329766
0.300000000005,3.81767582058
0.310000000005,3.66051889201
0.320000000005,3.50685255513
0.330000000005,3.3567748812
0.340000000005,3.21037211677
0.350000000005,3.06771886647
0.360000000005,2.92887830999
0.370000000005,2.79390245111
0.380000000005,2.66283239704
0.390000000005,2.53569866604
0.400000000005,2.41252152111
0.410000000005,2.29331132768
0.420000000005,2.17806893305
0.430000000005,2.06678606536
0.440000000005,1.95944574961
0.450000000005,1.85602273869
0.460000000005,1.75648395685
0.470000000005,1.66078895339
0.480000000005,1.56889036428
0.490000000005,1.48073437932
0.500000000005,1.39626121285
0.510000000005,1.31540557548
0.520000000005,1.23809714505
0.530000000005,1.16426103461
0.540000000005,1.09381825553
0.550000000005,1.02668617382
0.560000000005,0.962778957995
0.570000000005,0.902008016844
0.580000000005,0.844282425473
0.590000000005,0.789509338356
0.600000000005,0.737594388058
0.610000000005,0.688442068512
0.620000000005,0.641956101836
0.630000000005,0.598039787844
0.640000000005,0.556596335491
0.650000000005,0.517529175683
0.660000000005,0.480742254956
0.670000000005,0.446140309718
0.680000000005,0.413629120817
0.690000000005,0.383115748359
0.700000000005,0.354508746808
0.710000000005,0.327718360484
0.720000000005,0.302656699721
0.730000000005,0.27923789801
0.740000000005,0.257378250555
0.750000000005,0.236996334743
0.760000000005,0.218013113129
0.770000000005,0.200352019546
0.780000000005,0.183939029082
0.790000000005,0.168702712647
0.800000000005,0.154574276928
0.810000000005,0.141487590573
0.820000000005,0.129379197431
0.830000000005,0.118188317726
0.840000000005,0.107856838052
0.850000000005,0.0983292910488
0.860000000005,0.0895528256609
0.870000000005,0.0814771688346
0.880000000005,0.0740545795156
0.890000000005,0.0672397957838
0.900000000005,0.0609899759418
0.910000000005,0.0552646343403
0.920000000005,0.0500255727017
0.930000000005,0.0452368076606
0.940000000005,0.0408644952126
0.950000000005,0.0368768527163
0.960000000005,0.0332440790621
0.970000000005,0.0299382735742
0.980000000005,0.0269333541761
0.990000000005,0.0242049753051
1.0,0.0217304460224
1.01,0.0194886487222
1.02,0.0174599588066
1.03,0.0156261656497
1.04,0.01397039514
1.05,0.0124770340513
1.06,0.0111316564591
1.07,0.00992095238533
1.08,0.00883265882244
1.09,0.00785549326046
1.1,0.00697908981053
1.11,0.00619393799506
1.12,0.0054913242502
1.13,0.00486327616517
1.14,0.00430250946358
1.15,0.00380237771439
1.16,0.00335682474447
1.17,0.00296033971124
1.18,0.00260791478153
1.19,0.00229500535262
1.2,0.00201749274282
1.21,0.00177164927121
1.22,0.00155410564075
1.23,0.00136182053398
1.24,0.00119205232716
1.25,0.00104233282634
1.26,0.000910442927311
1.27,0.000794390101016
1.28,0.000692387605933
1.29,0.000602835330074
1.3,0.000524302166631
1.31,0.000455509829306
1.32,0.000395318015836
1.33,0.000342710830995
1.34,0.000296784383489
1.35,0.00025673547448
1.36,0.000221851298987
1.37,0.00019150008508
1.38,0.000165122599479
1.39,0.000142224451973
1.4,0.000122369134799
1.41,0.000105171736927
1.42,9.02932768198e-05
1.43,7.74356009097e-05
1.44,6.63367985155e-05
1.45,5.67670873322e-05
1.46,4.85251269129e-05
1.47,4.14347206927e-05
1.48,3.53418701089e-05
1.49,3.01121472156e-05
1.5,2.56283548933e-05
1.51,2.17884462943e-05
1.52,1.85036775592e-05
1.53,1.5696970083e-05
1.54,1.33014606981e-05
1.55,1.1259220098e-05
1.56,9.5201216293e-06
1.57,8.0408442621e-06
1.58,6.78399509227e-06
1.59,5.71733815764e-06
1.6,4.81311765867e-06
1.61,4.0474648748e-06
1.62,3.39987916474e-06
1.63,2.85277443955e-06
1.64,2.39108340797e-06
1.65,2.00191271978e-06
1.66,1.67424288192e-06
1.67,1.39866749866e-06
1.68,1.16716699766e-06
1.69,9.72912553112e-07
1.7,8.10096410638e-07
1.71,6.73785261035e-07
1.72,5.59793705779e-07
1.73,4.64575210524e-07
1.74,3.85128257813e-07
1.75,3.18915690336e-07
1.76,2.63795484774e-07
1.77,2.17961416665e-07
1.78,1.79892271659e-07
1.79,1.48308430672e-07
1.8,1.22134808143e-07
1.81,1.00469256075e-07
1.82,8.25556637335e-08
1.83,6.77610856921e-08
1.84,5.55563208034e-08
1.85,4.54994433061e-08
1.86,3.72218557956e-08
1.87,3.04164934883e-08
1.88,2.48278610926e-08
1.89,2.02436286372e-08
1.9,1.64875516251e-08
1.91,1.34135146393e-08
1.92,1.09005266788e-08
1.93,8.84852164025e-09
1.94,7.17483900569e-09
1.95,5.8112783941e-09
1.96,4.70163760237e-09
1.97,3.79965743726e-09
1.98,3.06730834297e-09
1.99000000001,2.47336382472e-09
2.00000000001,1.99221419333e-09
2.01000000001,1.60288141616e-09
2.02000000001,1.28820203192e-09
2.03000000001,1.03415032772e-09
2.04000000001,8.29278418822e-10
2.05000000001,6.64253631993e-10
2.06000000001,5.31476771145e-10
2.07000000001,4.24767525848e-10
2.08000000001,3.39105543295e-10
2.09000000001,2.70417585768e-10
2.10000000001,2.15402793308e-10
2.11000000001,1.71389411606e-10
2.12000000001,1.36217467966e-10
2.13000000001,1.08142817447e-10
2.14000000001,8.5758765862e-11
2.15000000001,6.79321307161e-11
2.16000000001,5.37511461995e-11
2.17000000001,4.24830717104e-11
2.18000000001,3.35397398508e-11
2.19000000001,2.64495920968e-11
2.20000000001,2.08350089309e-11
2.21000000001,1.63939550804e-11
2.22000000001,1.28851371079e-11
2.23000000001,1.01160162489e-11
2.24000000001,7.93313932599e-12
2.25000000001,6.21434920646e-12
2.26000000001,4.86251727036e-12
2.27000000001,3.80050678316e-12
2.28000000001,2.96713046834e-12
2.29000000001,2.31391006492e-12
2.30000000001,1.80248198903e-12
2.31000000001,1.40252285216e-12
2.32000000001,1.09009272327e-12
2.33000000001,8.46313651387e-13
2.34000000001,6.56316909566e-13
2.35000000001,5.08405352764e-13
2.36000000001,3.93387758097e-13
2.37000000001,3.04050489461e-13
2.38000000001,2.34738673977e-13
2.39000000001,1.81024600114e-13
2.40000000001,1.39445496529e-13
2.41000000001,1.07296430274e-13
2.42000000001,8.24669392824e-14
2.43000000001,6.33123219431e-14
2.44000000001,4.8552356013e-14
2.45000000001,3.7191699194e-14
2.46000000001,2.84574065578e-14
2.47000000001,2.17499441304e-14
2.48000000001,1.66048304835e-14
2.49000000001,1.26626372329e-14
2.50000000001,9.64555557893e-15
2.51000000001,7.33911412221e-15
2.52000000001,5.57793298023e-15
2.53000000001,4.23463661709e-15
2.54000000001,3.2112355277e-15
2.55000000001,2.43243517961e-15
2.56000000001,1.84044755551e-15
2.57000000001,1.39097275368e-15
2.58000000001,1.05009056791e-15
2.59000000001,7.91858900371e-16
2.60000000001,5.96460531429e-16
2.61000000001,4.48774774638e-16
2.62000000001,3.37277939715e-16
2.63000000001,2.53197937002e-16
2.64000000001,1.89865069735e-16
2.65000000001,1.42214089068e-16
2.66000000001,1.06402730324e-16
2.67000000001,7.95198360905e-17
2.68000000001,5.93622965713e-17
2.69000000001,4.42647877033e-17
2.70000000001,3.29699668114e-17
2.71000000001,2.45296317004e-17
2.72000000001,1.82295479488e-17
2.73000000001,1.35323457859e-17
2.74000000001,1.00341953426e-17
2.75000000001,7.43197528089e-18
2.76000000001,5.49842321723e-18
2.77000000001,4.06335007018e-18
2.78000000001,2.99945565601e-18
2.79000000001,2.21163139971e-18
2.80000000001,1.62890257345e-18
2.81000000001,1.19836605302e-18
2.82000000001,8.80634871894e-19
2.83000000001,6.4641915753e-19
2.84000000001,4.73963049312e-19
2.85000000001,3.47125600876e-19
2.86000000001,2.53945584375e-19
2.87000000001,1.85569465484e-19
2.88000000001,1.35451608513e-19
2.89000000001,9.87582952804e-20
2.90000000001,7.19241504028e-20
2.91000000001,5.23223936875e-20
2.92000000001,3.80200029613e-20
2.93000000001,2.75961398927e-20
2.94000000001,2.00076531543e-20
2.95000000001,1.44895719104e-20
2.96000000001,1.04815744543e-20
2.97000000001,7.57371624008e-21
2.98000000001,5.46642061396e-21
2.99000000001,3.94101914178e-21
3.00000000001,2.83808566207e-21
3.01000000001,2.04152115927e-21
3.02000000001,1.46687692243e-21
3.03000000001,1.05279750258e-21
3.04000000001,7.54757383509e-22
3.05000000001,5.40481986358e-22
3.06000000001,3.86604035346e-22
3.07000000001,2.76224898542e-22
3.08000000001,1.97138078801e-22
3.09000000001,1.40536602677e-22
3.10000000001,1.00073615903e-22
3.11000000001,7.11804814839e-23
3.12000000001,5.0572382691e-23
3.13000000001,3.58902970479e-23
3.14000000001,2.5442032952e-23
3.15000000001,1.80151410928e-23
3.16000000001,1.27419120333e-23
3.17000000001,9.00207431024e-24
3.18000000001,6.35274788483e-24
3.19000000001,4.47807808068e-24
3.20000000001,3.15306335868e-24
3.21000000001,2.21760763372e-24
3.22000000001,1.55792903938e-24
3.23000000001,1.09325525069e-24
3.24000000001,7.66313341152e-25
3.25000000001,5.36539990489e-25
3.26000000001,3.75239617967e-25
3.27000000001,2.62135676079e-25
3.28000000001,1.82917146489e-25
3.29000000001,1.27495109332e-25
3.30000000001,8.87653433416e-26
3.31000000001,6.17311168765e-26
3.32000000001,4.28820560346e-26
3.33000000001,2.97548534851e-26
3.34000000001,2.0622948902e-26
3.35000000001,1.42775743947e-26
3.36000000001,9.87344695959e-27
3.37000000001,6.8201487388e-27
3.38000000001,4.70575769891e-27
3.39000000001,3.24321639688e-27
3.40000000001,2.23271313275e-27
3.41000000001,1.53532578994e-27
3.42000000001,1.05457814318e-27
3.43000000001,7.2354837774e-28
3.44000000001,4.95868994821e-28
3.45000000001,3.39450842227e-28
3.46000000001,2.32111879756e-28
3.47000000001,1.58536174235e-28
3.48000000001,1.08160799978e-28
3.49000000001,7.37092352618e-29
3.50000000001,5.01746559604e-29
3.51000000001,3.41159422206e-29
3.52000000001,2.31707873838e-29
3.53000000001,1.57193525795e-29
3.54000000001,1.0652191012e-29
3.55000000001,7.21030522507e-30
3.56000000001,4.87504640378e-30
3.57000000001,3.29241252598e-30
3.58000000001,2.22105907763e-30
3.59000000001,1.49663651291e-30
3.60000000001,1.00735584366e-30
3.61000000001,6.77266850237e-31
3.62000000001,4.54827850815e-31
3.63000000001,3.05101674776e-31
3.64000000001,2.04433672488e-31
3.65000000001,1.36826606091e-31
3.66000000001,9.14742699419e-32
3.67000000001,6.10854265255e-32
3.68000000001,4.07461442715e-32
3.69000000001,2.71484890575e-32
3.70000000001,1.80682060833e-32
3.71000000001,1.2011427414e-32
3.72000000001,7.97598649311e-33
3.73000000001,5.29034981803e-33
3.74000000001,3.50505269038e-33
3.75000000001,2.31960951264e-33
3.76000000001,1.53336437727e-33
3.77000000001,1.0124789567e-33
3.78000000001,6.67785182678e-34
3.79000000001,4.39944281659e-34
3.80000000001,2.89513414528e-34
3.81000000001,1.90304829906e-34
3.82000000001,1.24951370717e-34
3.83000000001,8.19487480275e-35
3.84000000001,5.36850912384e-35
3.85000000001,3.51297559048e-35
3.86000000001,2.29618366413e-35
3.87000000001,1.49916059311e-35
3.88000000001,9.77686744831e-36
3.89000000001,6.36885441098e-36
3.90000000001,4.14412579843e-36
3.91000000001,2.6934848982e-36
3.92000000001,1.74866313937e-36
3.93000000001,1.13398615643e-36
3.94000000001,7.34546556947e-37
3.95000000001,4.75270512769e-37
3.96000000001,3.07165455194e-37
3.97000000001,1.98295940617e-37
3.98000000001,1.27868984585e-37
3.99000000001,8.23619349853e-38
4.00000000001,5.29904721719e-38
4.01000000001,3.40548484472e-38
4.02000000001,2.18609998031e-38
4.03000000001,1.4017513596e-38
4.04000000001,8.978046293e-39
4.05000000001,5.74384319175e-39
4.06000000001,3.67056721805e-39
4.07000000001,2.34300735385e-39
4.08000000001,1.49390842708e-39
4.09000000001,9.5144601104e-40
4.10000000001,6.05276985841e-40
4.11000000001,3.84621895492e-40
4.12000000001,2.44131415602e-40
4.13000000001,1.54782960857e-40
4.14000000001,9.80240039404e-41
4.15000000001,6.20085427652e-41
4.16000000001,3.91814410096e-41
4.17000000001,2.47297125045e-41
4.18000000001,1.55907679296e-41
4.19000000001,9.81806076217e-42
4.20000000001,6.17580657365e-42
4.21000000001,3.88035455171e-42
4.22000000001,2.43533595011e-42
4.23000000001,1.52670838069e-42
4.24000000001,9.56011312792e-43
4.25000000001,5.97970415887e-43
4.26000000001,3.73599324684e-43
4.27000000001,2.33153627899e-43
4.28000000001,1.45340943809e-43
4.29000000001,9.04989355798e-44
4.30000000001,5.62870717807e-44
4.31000000001,3.49690249952e-44
4.32000000001,2.17004163767e-44
4.33000000001,1.34512386997e-44
4.34000000001,8.32848781285e-45
4.35000000001,5.15085928089e-45
4.36000000001,3.18201970813e-45
4.37000000001,1.96352161975e-45
4.38000000001,1.21025851213e-45
4.39000000001,7.45126885289e-46
4.40000000001,4.58238890252e-46
4.41000000001,2.81490195088e-46
4.42000000001,1.72720628572e-46
4.43000000001,1.05860697608e-46
4.44000000001,6.48089359434e-47
4.45000000001,3.96318752411e-47
4.46000000001,2.42082802539e-47
4.47000000001,1.47704196335e-47
4.48000000001,9.00184027233e-48
4.49000000001,5.47998460339e-48
4.50000000001,3.33224507716e-48
4.51000000001,2.0239700742e-48
4.52000000001,1.22795029527e-48
4.53000000001,7.44161216574e-49
4.54000000001,4.50466826428e-49
4.55000000001,2.72375554423e-49
4.56000000001,1.64506463633e-49
4.57000000001,9.92447006023e-50
4.58000000001,5.98055102102e-50
4.59000000001,3.5998514726e-50
4.60000000001,2.16439971625e-50
4.61000000001,1.29986979393e-50
4.62000000001,7.79779345262e-51
4.63000000001,4.67254066418e-51
4.64000000001,2.79668744635e-51
4.65000000001,1.67203071845e-51
4.66000000001,9.98513730835e-52
4.67000000001,5.95625517953e-52
4.68000000001,3.54896739614e-52
4.69000000001,2.11222499641e-52
4.70000000001,1.25570549625e-52
4.71000000001,7.45666884737e-53
4.72000000001,4.42294314029e-53
4.73000000001,2.62051886002e-53
4.74000000001,1.55086020273e-53
4.75000000001,9.16784868443e-54
4.76000000001,5.4134189643e-54
4.77000000001,3.1928995573e-54
4.78000000001,1.88108439879e-54
4.79000000001,1.10698238372e-54
4.80000000001,6.50702591184e-55
4.81000000001,3.82061921986e-55
4.82000000001,2.2407549507e-55
4.83000000001,1.31269658943e-55
4.84000000001,7.68145919892e-56
4.85000000001,4.48985663096e-56
4.86000000001,2.62138366121e-56
4.87000000001,1.52875562364e-56
4.88000000001,8.90543026219e-57
4.89000000001,5.18180543071e-57
4.90000000001,3.01173424603e-57
4.91000000001,1.74848350199e-57
4.92000000001,1.01394820773e-57
4.93000000001,5.87326155665e-58
4.94000000001,3.39822589039e-58
4.95000000001,1.96396830503e-58
4.96000000001,1.13377278664e-58
4.97000000001,6.53772880685e-59
4.98000000001,3.7656251775e-59
4.99000000001,2.16648949135e-59
